VH-VL pair,split
6hjp_G0-H0,train
6hjp_I0-J0,train
6hjp_K0-L0,train
6hkg_A0-B0,train
6hkg_C0-D0,train
6hxw_H0-L0,train
6hxw_C0-D0,train
6i04_C0-D0,train
6i04_H0-L0,train
6i07_B1-B0,train
6i07_A1-A0,train
6i3z_H0-L0,train
6i1o_H0-L0,train
6i8s_E0-I0,train
6i8s_F0-J0,train
6i8s_G0-K0,train
6i8s_H0-L0,train
6i9i_H0-L0,train
6i9i_A0-B0,train
6iap_E0-D0,train
6ias_H0-L0,train
6iap_H0-L0,train
6iea_H0-L0,valid
6ieb_E0-F0,train
6ieb_H0-L0,train
6iec_J0-K0,train
6iec_H0-L0,train
6iec_C0-D0,train
6iec_F0-G0,train
6iek_E0-F0,train
6iek_B0-C0,train
6ii4_H0-L0,train
6ii4_E0-F0,train
6ii8_J0-K0,train
6ii8_H0-L0,train
6ii8_G0-I0,train
6ii9_H0-L0,train
6ii9_M0-N0,train
6ii9_P0-Q0,train
6iuv_C0-D0,train
6iuv_H0-L0,train
6bft_H0-L0,train
6bft_A0-B0,train
7cyv_H0-H1,train
7dc7_A0-B0,train
7w71_I0-M0,train
7w71_H0-L0,train
8f9u_A0-B0,train
8f9v_A0-B0,train
8f9v_C0-D0,train
8f9v_E0-F0,train
8f9v_G0-H0,train
8f9w_A0-B0,train
8f9w_C0-D0,train
8f9w_E0-F0,train
8f9w_G0-H0,train
8gpy_C0-D0,train
8gpy_E0-F0,train
8gsi_B0-A0,train
8h73_D0-D1,train
5drn_H0-L0,train
5drn_A0-B0,train
6ko5_H0-L0,train
6l8t_H0-L0,test
6l8t_A0-B0,unassigned
6l8t_C0-D0,unassigned
6yxk_A0-B0,valid
7fah_H0-L0,train
7fah_C0-D0,train
7yhk_F0-H0,train
7yd3_H0-L0,unassigned
7yd3_A0-B0,unassigned
7yd3_C0-D0,unassigned
7yd3_E0-F0,unassigned
7y8j_H0-L0,valid
7yi6_D0-B0,unassigned
7yi6_F0-E0,unassigned
8dzv_A1-A0,train
4p48_A1-A0,train
8e6k_H0-L0,train
8e6k_E0-I0,train
8e6k_G0-K0,train
8e6k_F0-J0,train
8eqa_H0-L0,train
8eqa_B0-A0,train
8e7m_H0-L0,train
8e8l_H0-L0,train
8e8r_H0-L0,train
8e8s_H0-L0,train
8e8x_H0-L0,train
8e8y_H0-L0,train
8e8z_H0-L0,train
3wbd_B1-B0,train
3wbd_A1-A0,train
6pef_D0-E0,train
6pef_A0-B0,train
6t3f_H0-L0,train
6ug7_H0-L0,train
6ug8_H0-L0,train
6ug9_H0-L0,train
6ug9_J0-K0,train
6ug9_A0-B0,train
6uga_B0-A0,train
6uga_H0-L0,train
7czt_I0-M0,train
7czt_H0-L0,train
7czu_J0-N0,train
7czu_H0-K0,train
7czv_H0-K0,train
7czv_I0-M0,train
7czv_J0-N0,train
7czx_I0-M0,train
7czx_H0-K0,train
7czx_J0-N0,train
7czy_H0-K0,train
7czy_J0-N0,train
7czz_I0-M0,train
7czz_J0-N0,train
7czz_H0-K0,train
6vrq_A0-B0,train
7kzc_C0-D0,train
7kzc_H0-L0,train
7x8q_F0-E0,train
7x8q_C0-B0,train
8ekf_HHH0-LLL0,train
2gki_A0-B1,train
4glr_J0-K0,train
4glr_H0-I0,train
4gms_H0-L0,train
4gms_I0-M0,train
4gms_J0-N0,train
4gmt_H0-L0,train
4gmt_I0-M0,train
5i1l_B0-A0,valid
5i1l_H0-L0,unassigned
7upk_H0-L0,train
7upk_C0-F0,train
7upk_E0-G0,train
7ven_B0-A0,valid
8d36_H0-L0,valid
8d3a_H0-L0,train
8d6z_A0-B0,train
8d6z_C0-D0,train
8d6z_E0-F0,train
8d6z_G0-I0,train
8d7e_D0-E0,train
8d7e_F0-G0,train
8d9y_B0-A0,train
8d9y_D0-C0,train
8d9y_F0-E0,train
8d9y_H0-G0,train
8d9z_B0-A0,train
8da0_B0-A0,train
8da0_D0-C0,train
8da1_B0-A0,train
8dao_A0-B0,train
8dao_C0-D0,train
8dcc_H0-L0,train
7bwj_H0-L0,train
8de6_B0-I0,train
8de6_E0-F0,train
8dfh_H0-L0,train
8dfi_H0-L0,train
8dg9_H0-L0,valid
8dg9_F0-G0,unassigned
8dg9_D0-E0,unassigned
8dgw_H0-L0,train
8dgw_A0-B0,train
8dgw_C0-D0,train
8dgw_E0-F0,train
7ur4_F0-G0,train
7ur4_H0-L0,train
7ur4_I0-J0,train
7urx_H0-L0,train
8djm_H0-L0,train
8djk_H0-L0,train
8dke_A0-B0,train
8dki_A0-B0,train
8dkm_A0-B0,train
8dkw_A0-B0,train
8dkx_A0-B0,train
8dkf_H0-L0,train
8dkf_A0-B0,train
8dp1_R0-M0,train
8dp1_E0-F0,train
8dp1_N0-O0,train
8dmj_D0-E0,train
8dmj_H0-L0,train
7upb_B0-E0,train
7upb_C0-F0,train
7upb_H0-L0,train
8dpz_F0-G0,train
8ds5_C0-B0,train
8dt3_H0-L0,train
8eeu_H0-L0,train
3dsf_H0-L0,train
3cxd_H0-L0,train
8ef1_H0-L0,train
8ejj_H0-L0,train
8ejj_I0-J0,train
8ejj_h0-l0,train
8fax_A0-B0,train
8fr6_D0-E0,train
8fr6_H0-L0,train
8fr6_J0-K0,train
8gb6_H0-L0,train
8gjm_D0-E0,train
8h8q_H0-L0,train
7e6p_H0-L0,train
4jn1_H0-L0,train
4jn2_B0-A0,train
4jn2_H0-L0,train
4zd3_H0-L0,train
4zff_A0-B0,unassigned
4zff_H0-L0,unassigned
4zfg_H0-L0,valid
4zfo_A0-B0,train
4zfo_H0-L0,train
4zpt_A0-B0,train
4zpt_H0-L0,train
4zpv_H0-L0,train
4zpv_A0-B0,train
4zso_D0-C0,train
4zso_B0-A0,train
4zto_I0-M0,train
4zto_H0-L0,train
4ztp_H0-L0,train
5a3i_C0-D0,train
5a3i_G0-H0,train
5aam_A0-A1,train
5aam_B0-B1,train
5aaw_A0-A1,train
5aaw_B0-B1,train
5aaw_D0-D1,train
5aaw_F0-F1,train
5aaw_H0-H1,train
5aaw_K0-K1,train
5alb_H0-L0,train
5alc_H0-L0,train
5anm_D0-C0,train
5anm_B0-A0,train
5anm_H0-L0,train
5awn_H0-L0,train
5az2_H0-L0,train
5e8d_H0-L0,train
5mvz_A0-B0,train
5mvz_H0-L0,train
5nuz_H0-L0,train
5nuz_A0-B0,train
6j71_B1-B0,train
8dtx_A0-B0,valid
8dtx_H0-L0,unassigned
4n8c_I0-M0,train
4n8c_H0-L0,train
7zxk_J0-I0,valid
7zxk_H0-L0,unassigned
7zyi_H0-L0,train
8a1e_D0-E0,train
8a1e_B0-C0,train
12e8_H0-L0,train
12e8_P0-M0,train
3juy_B0-B1,train
3juy_A0-A1,train
3juy_E0-E1,train
3juy_F0-F1,train
3juy_D0-D1,train
3juy_C0-C1,train
3kj4_C0-B0,train
3kj4_H0-L0,train
3kr3_H0-L0,train
3ks0_K0-J0,train
3ks0_H0-L0,train
3kyk_H0-L0,train
3kym_H0-G0,train
3kym_B0-A0,train
3kym_D0-C0,train
3kym_F0-E0,train
3kym_J0-I0,train
3kym_L0-K0,train
3kym_N0-M0,train
3kym_P0-O0,train
4lci_H0-L0,train
4r0l_A0-B0,train
4r0l_H0-L0,train
8d47_B0-A0,train
8d47_H0-L0,train
6n5e_H0-I0,train
6n5e_E0-D0,train
6n5e_G0-F0,train
6n6b_K0-L0,train
6n81_H0-L0,train
6n81_C0-D0,train
6n8d_D0-B0,train
6n8d_F0-E0,train
6nb3_H0-L0,train
6nb3_D0-E0,train
6nb5_H0-L0,train
6nb5_I0-M0,train
6nb8_H0-L0,train
6wir_A0-B0,train
6wio_A0-B0,train
7lo8_H0-L0,train
4d3c_H0-L0,train
4d9l_H0-L0,train
4d9l_I0-M0,train
4d9l_J0-N0,train
4d9l_K0-O0,train
4d9q_E0-D0,test
4d9q_H0-L0,unassigned
4d9r_H0-L0,unassigned
4d9r_E0-D0,unassigned
4dag_H0-L0,train
4oaw_D0-C0,train
4oaw_B0-A0,train
7lka_H0-L0,train
7lka_A0-B0,train
7lka_C0-D0,train
7lka_E0-F0,train
7swx_H0-L0,train
7sww_H0-L0,train
7syy_H0-L0,train
7syz_H0-L0,train
7t01_H0-L0,train
7t0l_H0-L0,train
7t0l_G0-K0,train
7t0w_H0-L0,train
7t0w_H20-L20,train
7t0z_H0-L0,train
7t1w_H0-L0,train
7t1w_H20-L20,train
7t1w_H30-L30,train
7t1w_H40-L40,train
7t1w_H50-L50,train
7t1x_H0-L0,train
7t1x_H20-L20,train
7t1x_H30-L30,train
7t1x_H40-L40,train
7t1x_H50-L50,train
5x8m_B0-C0,train
5xj4_H0-L0,train
5xaj_F0-D0,train
5xaj_E0-C0,train
7kmi_A0-B0,valid
7u8e_H0-L0,train
8c3v_H0-L0,train
8c3v_A0-B0,train
8c3v_C0-D0,train
3phq_B0-A0,train
3pho_B0-A0,train
5ggt_H0-L0,train
5ggu_H0-L0,valid
5ggu_A0-B0,unassigned
5ggv_H0-L0,unassigned
7lfb_H0-L0,valid
7lfd_H0-L0,unassigned
7shu_E0-F0,train
7shu_C0-D0,train
7shz_K0-L0,train
7shz_C0-D0,train
7shz_I0-J0,train
7shz_E0-F0,train
7six_H0-L0,train
7sj0_B0-L0,train
7sjm_H0-L0,train
7sjn_D0-E0,train
7sjn_F0-G0,train
7sjn_H0-L0,train
7sjo_E0-F0,train
7sjo_H0-L0,train
7sjo_I0-J0,train
7sjp_H0-L0,train
7sjs_H0-L0,test
7skz_H0-L0,test
7sl5_A0-B0,train
7sl5_D0-E0,train
7sl5_G0-H0,train
7sl5_J0-K0,train
7sn1_H0-L0,test
7ua2_H0-H1,train
7uap_H0-L0,train
7uaq_H0-L0,train
7uar_H0-L0,train
7uar_D0-E0,train
7uar_F0-G0,train
7uc8_H0-H1,train
7uc8_I0-I1,train
7uc8_J0-J1,train
7uce_H0-L0,train
7ucq_K0-K1,train
7ucq_H0-H1,train
7ucq_I0-I1,train
7ucq_J0-J1,train
7uel_H0-L0,train
7uem_H0-L0,train
7uem_D0-C0,train
7uen_H0-L0,train
7uhz_H0-L0,train
7uhz_I0-M0,train
7uhz_J0-N0,train
8cz8_A1-A0,train
8cz8_C1-C0,train
1mex_H0-L0,train
5vta_H0-L0,train
5vta_F0-E0,train
5vta_I0-G0,train
5vta_K0-J0,train
5vxr_H0-L0,train
6ncp_A0-B0,train
6ncp_C0-D0,train
6nfc_H0-L0,train
6oc7_H0-L0,train
7x7t_H0-L0,train
7x7t_A0-B0,train
7x7t_C0-D0,train
7x8p_F0-E0,train
7x8p_C0-B0,train
7x8w_H0-L0,train
7x93_E0-F0,train
7x96_H0-L0,train
7zfe_J0-K0,train
7zfe_F0-G0,train
7zfe_M0-N0,train
7zfe_H0-L0,train
7zff_H0-L0,train
8cge_A0-A1,train
8cge_B0-B1,train
4f3f_B0-A0,train
4f33_B0-A0,train
4f33_D0-C0,train
4f33_F0-E0,train
4f33_H0-G0,train
7ued_H0-L0,train
4v1d_D0-E0,train
4wcy_H0-L0,train
5vic_H0-L0,train
5vig_A0-B0,train
5vig_H0-L0,train
5vvf_H0-L0,train
5vjq_G0-H0,train
5vjq_A0-B0,train
5vjq_C0-D0,train
5vjq_E0-F0,train
5vk2_F0-G0,train
5vk2_H0-L0,train
5vk2_D0-E0,train
5vkk_H0-L0,train
5vkk_A0-B0,train
5vl3_A0-B0,train
5vl3_C0-D0,train
5vl3_E0-F0,train
5vl3_H0-L0,train
5vl7_H0-L0,train
1emt_H0-L0,train
4hs8_H0-L0,train
4ht1_H0-L0,train
4hwe_H0-L0,train
4hwb_H0-L0,train
4hxa_H0-L0,train
4hxb_H0-L0,train
4hzl_A0-B0,train
4hzl_H0-L0,train
4i18_A0-B0,train
4i18_H0-L0,train
4i2x_B0-A0,train
4i2x_D0-C0,train
3dif_B0-A0,train
3dif_D0-C0,train
4i77_H0-L0,train
4idj_H0-L0,train
4ij3_C0-B0,unassigned
8aon_B0-C0,valid
4j1u_B0-A0,train
4j1u_D0-C0,train
4j1u_F0-E0,train
4j4p_C0-D0,train
4j4p_H0-L0,train
4j6r_H0-L0,test
4j8r_D0-C0,train
4j8r_B0-A0,train
4jam_H0-L0,test
4jam_A0-B0,unassigned
4jan_H0-L0,unassigned
4jan_A0-B0,unassigned
4jb9_H0-L0,train
4jdt_H0-L0,train
4jdv_H0-L0,train
4jdv_A0-B0,train
5igx_H0-L0,train
4jfx_B0-A0,train
4jfx_H0-L0,train
4jfy_B0-A0,train
4jfy_H0-L0,train
4jfz_H0-L0,train
7m55_H0-L0,train
7m51_H0-L0,train
7m52_H0-L0,train
7m53_H0-L0,train
7mlh_E0-D0,train
7mlh_C0-A0,train
7su0_H0-L0,train
7su0_I0-M0,train
7su1_H0-L0,train
4jy5_H0-L0,train
5uty_H0-L0,train
4tvp_H0-L0,train
5fyj_H0-L0,train
5fyk_H0-L0,train
5fyl_H0-L0,train
5u7m_H0-L0,train
5u7o_H0-L0,train
5utf_H0-L0,train
7lx2_H0-L0,train
7lx2_N0-M0,train
7lx2_P0-O0,train
7lx3_H0-L0,train
7lx3_N0-M0,train
7lx3_P0-O0,train
7lxm_H0-L0,train
7lxm_N0-M0,train
7lxm_P0-O0,train
6b0n_H0-L0,train
6mpg_m0-n0,train
6mpg_50-60,train
6mpg_M0-N0,train
6ot1_m0-n0,train
6ot1_F0-I0,train
6ot1_Q0-R0,train
5dd0_H0-L0,train
5dd1_H0-L0,train
5dd3_H0-L0,train
5dd6_H0-L0,train
5dd6_A0-B0,train
5dd5_H0-L0,train
5dfv_C0-D0,train
5dfv_E0-F0,train
6ejg_C1-C0,train
6ejg_D1-D0,train
5dfw_H0-H1,train
5gkr_A0-B0,train
5gkr_C0-D0,train
5gks_A0-B0,train
5gks_C0-D0,train
5ik3_A0-B0,train
5ik3_C0-D0,train
5ijk_A0-C0,train
5ijk_B0-D0,train
7ui1_H0-H1,train
7ui1_I0-I1,train
7ui1_J0-J1,train
7ui1_K0-K1,train
8gv5_C0-D0,train
7wvd_G0-H0,train
7wvd_I0-J0,train
7wvg_C0-D0,train
8gv7_C0-D0,train
8gv4_A0-B0,train
8gv4_C0-D0,train
8gv6_I0-J0,train
8gv6_G0-H0,train
3nfp_A0-B0,train
3nfp_H0-L0,train
3nfs_H0-L0,train
5eii_H0-L0,train
5eii_A0-B0,train
6c6x_C0-D0,train
6c6x_A0-B0,train
6c6x_E0-F0,train
6c6x_H0-L0,train
6c6y_A0-B0,train
6c6y_H0-L0,train
6db5_I0-M0,train
6db5_H0-L0,train
6db6_H0-L0,train
6db7_H0-L0,train
6db7_I0-M0,train
6dc3_H0-L0,train
6dc4_H0-L0,test
6dc5_B0-C0,unassigned
6dc5_E0-F0,unassigned
6dc5_H0-I0,unassigned
6dc7_H0-L0,train
6dc7_I0-M0,train
6dc8_H0-L0,train
6dc9_I0-M0,train
6dc9_H0-L0,train
6dca_I0-M0,train
6dca_J0-N0,train
6dca_H0-L0,train
6dca_K0-O0,train
6dcq_H0-L0,train
6dcq_M0-N0,train
4nug_H0-L0,train
6dcv_H0-L0,test
6dcv_B0-A0,unassigned
6dcw_H0-L0,unassigned
6gk7_H0-L0,train
6ddm_B0-A0,train
6ddr_B0-A0,train
6ddv_B0-A0,train
6dez_H0-L0,train
6dez_B0-A0,train
6df0_H0-L0,train
6df1_H0-L0,train
6gxx_H0-L0,train
6hx4_H0-L0,train
6hx4_I0-M0,train
6x78_B0-A0,train
6x78_H0-L0,train
7lkh_H0-L0,train
7lkf_H0-L0,train
7txw_H0-L0,train
7u5b_H0-L0,train
7u5b_A0-B0,train
8c7h_L0-K0,train
7z0x_H0-L0,test
7z0y_H0-L0,train
7z12_B0-C0,train
7zrc_H0-L0,train
7zrc_F0-G0,train
7zrc_J0-K0,train
8g5f_J0-K0,train
8foi_H0-L0,train
8foi_J0-K0,train
8g5g_H0-L0,train
8g5h_J0-K0,train
8g4n_H0-L0,train
8g4n_J0-K0,train
8g4o_H0-L0,train
8g4o_J0-K0,train
8g4x_H0-L0,train
1cgs_H0-L0,train
2cgr_H0-L0,train
1cic_B0-A0,train
2w60_A0-B0,train
2w65_A0-B0,train
2w65_C0-D0,train
2zjs_H0-L0,train
3kdm_B0-A0,train
3kdm_H0-L0,train
6wiy_H0-L0,train
7cj2_K0-L0,train
7cj2_C0-D0,train
7jlk_H0-L0,train
7jlk_A0-B0,train
6ol7_C0-B0,train
6ol7_I0-F0,train
6ol7_H0-L0,train
6ol7_M0-N0,train
4jpi_A0-B0,train
4jpi_H0-L0,train
4jpk_H0-L0,train
6mft_H0-L0,train
6mft_A0-B0,train
6xoc_H0-L0,train
7jln_H0-L0,train
7jxd_A0-B0,train
7jxd_C0-D0,train
7jvc_H0-L0,train
7jvc_C0-D0,train
7jvc_F0-G0,train
7k3q_H0-L0,valid
7k4n_H0-L0,unassigned
7k4n_C0-D0,unassigned
7k4n_F0-G0,unassigned
7kba_A0-B0,train
7kba_H0-L0,train
5vob_H0-L0,train
7t4s_H0-I0,train
7kzb_H0-L0,train
8eoo_A0-B0,train
8eoo_F0-K0,train
7t72_H0-L0,train
7u09_H0-L0,train
7vaz_D0-C0,train
7vaz_B0-A0,train
7vaz_H0-F0,train
7v8q_B0-A0,train
7v8q_D0-C0,train
7v8q_F0-E0,train
7vac_B0-A0,train
7vac_D0-C0,train
7vac_F0-E0,train
7vux_H0-L0,test
7w7q_B0-B1,train
7w7q_A0-A1,train
8dnn_E0-F0,train
8dnn_B0-C0,train
8f5i_X0-Y0,test
8f5i_H0-L0,unassigned
8g1b_C0-D0,train
8g1b_A0-B0,train
8sgj_H0-L0,train
4hg4_V0-W0,train
4hg4_X0-Y0,train
4hg4_J0-K0,train
4hg4_R0-S0,train
4hg4_T0-U0,train
4hg4_Z0-z0,train
4hg4_L0-M0,train
4hg4_N0-O0,train
4hg4_P0-Q0,train
5xcq_A0-B0,train
5xcr_A0-B0,train
5xcr_D0-E0,train
2zpk_H0-L0,train
2zpk_I0-M0,train
5xct_A0-B0,train
6a67_C0-D0,train
6a67_H0-L0,train
7df1_H0-L0,train
7df1_E0-I0,train
7df1_F0-J0,train
7df1_G0-K0,train
7dm1_F0-E0,train
7dm1_D0-C0,train
7uzd_H0-L0,train
6ivz_H0-L0,train
6iw2_B0-C0,train
6iw2_E0-F0,train
6iw2_H0-I0,train
6iw2_K0-L0,train
6iw2_N0-O0,train
6iw2_Q0-R0,train
6srv_III0-MMM0,train
6srv_HHH0-LLL0,train
6tnp_B0-A0,train
6tnp_D0-C0,train
6tnp_F0-E0,train
6tnp_I0-G0,train
6tnp_K0-J0,train
6tnp_H0-L0,train
6tul_HHH0-LLL0,train
6txz_H0-L0,train
6txz_I0-M0,train
6txz_J0-N0,train
6txz_K0-O0,train
6tyb_H0-L0,train
6tys_H0-L0,train
6tys_F0-G0,train
6tys_C0-D0,train
6u1t_H0-L0,train
6u02_H0-L0,train
6u02_D0-C0,train
6u02_G0-F0,train
6u02_K0-I0,train
6pzf_F0-E0,train
6pzf_H0-L0,train
6u0l_H0-L0,train
6u0l_I0-J0,train
6u0l_P0-Q0,train
6u0n_H0-L0,train
6u0n_I0-J0,train
6u0n_P0-Q0,train
1rzf_H0-L0,train
6u3z_A0-B0,train
6u3z_C0-D0,train
6xsn_H0-L0,train
6u6m_H0-L0,train
6u6o_H0-L0,train
6u6u_H0-L0,train
6u8d_H0-L0,train
6ubi_D0-E0,train
6ubi_A0-B0,train
6uc5_H0-L0,train
6uce_H0-L0,test
6wm9_E0-F0,train
6wm9_B0-C0,train
6wmw_H0-L0,train
6wmw_M0-N0,train
6wn1_E0-F0,train
6wn1_B0-C0,train
6wzk_A0-B0,train
6wzk_C0-D0,train
6wzm_A0-B0,train
6wzm_C0-D0,train
6wzl_A0-B0,train
6wzl_C0-D0,train
6xkp_M0-N0,train
6xkp_H0-L0,train
6xkq_H0-L0,train
6xkr_H0-L0,train
6xlq_E0-F0,train
6xlq_K0-L0,train
6xlq_B0-C0,train
6xlq_H0-I0,train
8dy3_A0-A1,test
1mlb_B0-A0,train
1mlc_B0-A0,train
1mlc_D0-C0,train
1mrc_H0-L0,train
1mrd_H0-L0,train
1mre_H0-L0,train
1mrf_H0-L0,train
5esv_A0-B0,train
5esv_C0-D0,train
5esv_H0-L0,train
7u8c_H0-L0,test
7yrn_D0-E0,train
7yrn_F0-G0,train
7yrn_H0-I0,train
7yru_H0-L0,train
8fan_A0-B0,train
8fan_C0-D0,train
1dfb_H0-L0,unassigned
7n07_H0-L0,unassigned
7n08_H0-L0,unassigned
7n08_A0-B0,valid
7n08_C0-D0,unassigned
1frg_H0-L0,train
6uuh_A0-B0,train
6uuh_C0-D0,train
6x4t_D0-F0,train
6x4t_B0-E0,train
7keo_E0-F0,train
7keo_A0-B0,train
7lcv_A0-B0,test
7myt_H0-L0,train
7myt_A0-B0,train
7rew_A0-B0,train
7rew_H0-L0,train
7rm3_A0-B0,train
7rm3_C0-D0,train
7rm0_A0-B0,train
7rm0_C0-D0,train
7rm0_E0-F0,train
7rm0_G0-H0,train
7rm1_A0-B0,train
7rm1_C0-D0,train
7ryu_H0-L0,test
7tp3_H0-L0,train
7tuf_A0-B0,train
7tuf_H0-L0,train
7yvk_H0-I0,train
7yvk_N0-O0,train
7yvl_A0-C0,train
7yvm_C0-A0,train
7yvn_O0-N0,train
7yvn_L0-K0,train
7yvo_I0-H0,train
7yvo_K0-J0,train
7yvg_I0-H0,train
7yvg_K0-J0,train
7yvg_M0-L0,train
7yvo_M0-L0,train
7yvo_O0-N0,train
7yve_I0-H0,train
7yve_L0-K0,train
7yve_O0-N0,train
7yvf_C0-A0,train
7yxu_H0-L0,train
8ahn_H0-L0,train
8dfg_I0-M0,train
8dfg_H0-L0,train
4hj0_C0-D0,train
4hj0_P0-Q0,train
4hjj_H0-L0,valid
4kmt_H0-L0,train
4kph_I0-M0,train
4kph_H0-L0,train
4kq4_H0-L0,train
4ktd_H0-L0,train
4kte_H0-L0,train
4kuc_F0-E0,train
4kuc_H0-D0,train
4kuz_H0-L0,train
4kvc_H0-L0,train
1igc_H0-L0,train
4kvn_H0-L0,train
4ky1_H0-L0,train
4l5f_H0-L0,train
5ikc_H0-L0,train
5ikc_B0-A0,train
5iwl_A0-B1,train
5iwl_B0-A1,train
5j13_C0-B0,train
6h3t_I0-M0,train
6h3t_H0-L0,train
6lxi_H0-L0,train
6lxi_C0-D0,train
6lxj_H0-L0,train
6lxj_E0-F0,train
6lxj_J0-K0,train
6lxj_M0-N0,train
7daa_H0-L0,train
7d9z_H0-L0,train
1za3_H0-L0,train
1za3_B0-A0,train
4jg1_H0-L0,train
4jg0_H0-L0,train
4jha_H0-L0,valid
6s3d_A0-B0,unassigned
6s3d_C0-D0,unassigned
6s3d_E0-F0,unassigned
6s3d_H0-L0,unassigned
4jj5_B0-A0,train
4isv_B0-A0,train
4jo1_I0-M0,train
4jo1_H0-L0,train
4jo2_H0-L0,train
4jo2_I0-M0,train
4jo3_I0-M0,train
4jo3_H0-L0,train
4jo4_H0-L0,train
4jo4_I0-M0,train
4jpw_H0-L0,train
4jr9_H0-L0,train
4jre_B0-C0,train
4jre_H0-L0,train
4jy6_D0-C0,train
4jy6_B0-A0,train
4jzj_H0-L0,train
4jzj_A0-B0,train
4jzo_A0-B0,train
4jzo_D0-E0,train
4jzo_C0-F0,train
4jzo_G0-H0,train
4k2u_I0-M0,train
4k2u_H0-L0,train
4k3j_H0-L0,train
4k7p_Y0-X0,train
4k7p_H0-L0,train
4k8r_D0-C0,unassigned
4lkc_B0-A0,valid
8gb5_B0-C0,train
8gb5_F0-E0,train
8gb5_I0-H0,train
8gb5_L0-K0,train
8gb8_H0-L0,train
8gb7_H0-L0,train
8gbv_A0-B0,valid
8gbv_H0-L0,unassigned
8gby_H0-L0,train
8gbz_H0-L0,train
8gc1_H0-L0,train
8gf2_X0-Y0,train
8gf2_H0-L0,train
1qfw_H0-L0,train
1qfw_I0-M0,train
5f3b_A0-B0,train
5f3b_E0-F0,train
5f3h_C0-D0,train
5f3h_E0-F0,train
5f3h_G0-H0,train
5f3h_A0-B0,train
7mxd_X0-Y0,train
7mxl_H0-L0,train
7myz_H0-L0,unassigned
7myz_I0-M0,unassigned
5tzu_H0-L0,valid
7mzf_H0-L0,train
7mzg_H0-L0,train
7mzh_B0-C0,train
7mzh_H0-L0,train
7mzi_H0-L0,unassigned
7mzj_C0-D0,unassigned
7mzj_F0-E0,unassigned
7mzk_C0-D0,unassigned
7mzk_F0-E0,valid
7mzj_N0-M0,train
7mzj_H0-L0,train
7mzk_H0-L0,valid
7mzk_N0-M0,unassigned
7mzm_H0-L0,train
7mzn_H0-L0,train
7n0u_H0-L0,train
7mxl_A0-B0,train
7mxl_J0-K0,train
7n0x_H0-L0,train
7n3c_H0-L0,train
7n3d_H0-L0,test
7s8g_H0-L0,train
7s8g_h0-l0,train
7tyv_D0-E0,train
7tyv_G0-K0,train
7tyv_H0-L0,train
7uds_F0-G0,train
7uds_H0-L0,train
7uds_D0-E0,train
7s8h_B0-C0,train
7sbd_H0-L0,train
7sbg_H0-L0,train
7sc1_H0-L0,train
7sc1_M0-N0,train
7sc1_P0-Q0,train
7scn_H0-L0,train
7scn_E0-F0,train
7scn_J0-K0,train
7sco_E0-F0,train
7sco_J0-K0,train
7sco_H0-L0,train
7seg_A0-B0,unassigned
7seg_H0-L0,test
7sfw_M0-N0,train
7sfw_O0-P0,train
7sfw_Q0-R0,train
7sfw_S0-T0,train
1q9o_B0-A0,train
1q9o_D0-C0,train
1q9w_D0-C0,train
1q9w_B0-A0,train
1qfu_H0-L0,train
6yhq_H0-L0,train
7mfr_Y0-X0,train
7mfr_B0-A0,train
7mhy_M0-N0,train
7mjj_D0-E0,train
7mjj_F0-G0,train
7mjk_D0-E0,train
7mjk_F0-G0,train
7mjk_H0-I0,train
7mjl_H0-L0,train
7mjs_H0-L0,train
7mkm_H0-L0,train
7mkl_H0-L0,train
7mmo_D0-E0,train
7mmo_A0-B0,train
6ehv_X0-X1,train
6phb_B0-A0,valid
6phb_D0-C0,unassigned
6phc_C0-D0,train
6phd_H0-L0,train
6phf_C0-D0,train
6phf_A0-B0,train
6phg_A0-B0,train
6pi7_F0-E0,train
6pi7_C0-B0,train
6plh_B0-A0,train
6plk_I0-M0,train
6plk_H0-L0,train
6ppg_H0-L0,train
6ppg_B0-A0,train
6pv7_F0-G0,train
6pv7_H0-I0,train
6pxg_A0-B0,train
6pxg_C0-D0,train
6pxg_E0-F0,train
6pxg_H0-L0,train
6pxh_C0-D0,train
6pxh_H0-L0,train
6pxr_H0-L0,train
6pyd_H0-L0,train
6pyd_A0-B0,train
6pze_H0-L0,train
6xe1_H0-L0,train
1k6q_H0-L0,train
1kcs_H0-L0,train
1kcv_H0-L0,train
1kn4_H0-L0,train
1kn2_H0-L0,train
3v0w_H0-L0,train
3v0v_H0-L0,train
3v0v_A0-B0,train
3v4p_M0-N0,train
3v4p_H0-L0,train
4ydv_B0-A0,train
4ydv_H0-L0,train
5eoq_H0-L0,train
5eor_H0-L0,train
5gru_H0-L1,train
5mp6_P0-Q0,unassigned
5mp6_H0-L0,valid
5f89_H0-L0,unassigned
5f89_A0-B0,unassigned
6dzn_H0-L0,valid
7woa_D0-B0,train
7woa_F0-G0,train
7wob_D0-B0,train
7wob_H0-I0,train
7wob_F0-G0,train
7woc_A0-B0,train
7woq_D1-D0,train
7wou_D1-D0,train
7wou_F1-F0,train
7wr9_A0-B0,train
7wr8_A0-B0,train
7wro_H0-L0,train
7ws0_E0-D0,train
7ws0_G0-F0,train
7ws0_I0-H0,train
7ws1_E0-D0,train
7ws1_I0-H0,train
7ws1_G0-F0,train
7ws1_K0-J0,train
7ws2_E0-D0,train
7ws7_G0-F0,train
7ws7_K0-J0,train
7wsi_H0-L0,train
7vaf_H0-L0,train
7vag_H0-L0,train
7wt7_H0-D0,train
1ct8_B0-A0,train
1ct8_D0-C0,train
1cu4_H0-L0,train
1cr9_H0-L0,train
6mg7_H0-L0,train
7bxv_H0-L0,train
7cho_B0-C0,train
7cho_H0-L0,train
7chp_H0-L0,train
7deo_C0-C1,train
7deo_A0-A1,train
7vmu_A0-A1,train
7wqv_B0-B1,train
7wqv_D0-D1,train
7wqv_F0-F1,train
7wqv_H0-H1,train
7wqv_J0-J1,train
7wqv_L0-L1,train
7wqv_N0-N1,train
7wqv_P0-P1,train
7yue_A0-A1,train
8dz4_A0-B0,train
8dz4_C0-D0,train
8dz4_E0-F0,train
8dz4_M0-N0,train
8dz4_O0-P0,train
8dz4_S0-T0,train
8dz4_U0-V0,train
8dz4_W0-X0,train
8dz4_Y0-Z0,train
8dz4_H0-L0,train
8dz4_Q0-R0,train
6w05_H0-L0,train
6wfw_H0-L0,train
8t03_C0-D0,train
8t03_E0-F0,train
8t04_C0-D0,train
8t04_E0-F0,train
8t07_C0-D0,train
8t07_E0-F0,train
8t06_C0-D0,train
8t06_E0-F0,train
8t05_C0-D0,train
2e27_H0-L0,train
2f5a_H0-L0,train
2fb4_H0-L0,valid
2ig2_H0-L0,unassigned
2fgw_H0-L0,train
1fgv_H0-L0,train
7r40_H0-L0,train
7r40_D0-F0,train
7r40_E0-G0,train
7tr4_L0-H0,train
8gpt_D0-E0,train
8gpt_F0-G0,train
8gpt_H0-I0,train
8gpu_H0-L0,train
8gpu_F0-G0,train
8gpu_C0-D0,train
8gpu_J0-K0,train
8gpu_N0-O0,train
8gpu_Q0-R0,train
8pe9_H0-L0,train
8sau_C0-D0,train
8sau_H0-I0,train
8sau_M0-N0,train
8slb_H0-L0,train
4f9l_C1-C0,train
4f9l_D1-D0,train
7nfa_C0-A0,train
7nfa_D0-B0,train
7nc0_H0-L0,train
7nx2_B0-A0,train
7nx2_D0-C0,train
7nx3_B0-C0,train
7nx3_E0-D0,train
7qnx_A0-B0,train
7qnw_A0-B0,train
7qny_A0-B0,train
7qny_H0-L0,unassigned
7bej_H0-L0,unassigned
7bek_H0-L0,valid
7v5j_I0-H0,train
7v5j_E0-D0,train
7v5j_G0-F0,train
7v5k_E0-D0,train
7v5k_G0-F0,train
7v5k_I0-H0,train
5kg9_A0-B0,train
5kg9_H0-L0,train
6bkb_H0-L0,train
6bkd_H0-L0,train
6bla_H0-L0,train
6blh_H0-L0,test
6bli_A0-B0,train
6bli_D0-E0,train
6bli_G0-H0,train
6bli_J0-K0,train
6bp2_H0-L0,train
6g8r_A0-A1,train
6gc2_H0-L0,train
6u8k_F0-G0,train
6u8k_H0-L0,train
6u8k_D0-E0,train
6u9s_D0-E0,train
6u9s_A0-B0,train
6u9u_H0-L0,valid
6w4m_H0-L0,train
3qeg_H0-L0,train
7k8r_H0-L0,train
7k8z_H0-L0,train
7k8z_M0-N0,train
7k8s_H0-L0,unassigned
7k8s_M0-N0,unassigned
7k8s_O0-P0,unassigned
7k8t_H0-L0,unassigned
7k8t_M0-N0,unassigned
7k8t_O0-P0,unassigned
7k8o_H0-L0,test
7k8p_H0-L0,train
7k8q_H0-L0,valid
7k90_H0-L0,train
7k90_M0-N0,train
7k90_O0-P0,train
8dce_H0-H1,train
8awm_H0-L0,unassigned
8awl_H0-L0,valid
5eoc_J0-M0,train
5eoc_H0-L0,train
6cnr_H0-L0,valid
6co3_H0-L0,unassigned
6dkj_A0-B0,train
6dkj_H0-L0,train
6dlb_H0-L0,train
6dla_H0-L0,train
6dn0_A0-B0,train
4x4x_A0-B0,train
6dn0_C0-D0,train
6bgt_B0-A0,train
6dsi_A0-A1,train
6dwi_B0-A0,train
6dwi_D0-C0,train
6dwi_F0-E0,train
6dwi_J0-I0,train
6dwi_N0-M0,train
6dwi_P0-O0,train
6dwi_H0-G0,train
6dwi_L0-K0,train
7lyv_H0-L0,train
7lyv_C0-D0,train
7lyv_A0-B0,train
7lyv_E0-F0,train
7uvq_C0-B0,train
7uvq_D0-E0,train
1fj1_D0-C0,train
1fj1_B0-A0,train
4r8w_H0-L0,train
4ubd_C0-D0,train
4ubd_Y0-X0,train
4ubd_G0-H0,train
4ubd_S0-T0,train
4ubd_O0-P0,train
4ubd_K0-L0,train
7d03_H0-L0,train
7czw_H0-L0,train
7czw_J0-N0,train
7pa6_KKK1-KKK0,valid
7pa6_LLL1-LLL0,unassigned
7pa6_MMM1-MMM0,unassigned
7pa6_NNN1-NNN0,unassigned
7pa6_OOO1-OOO0,unassigned
7pa6_PPP1-PPP0,unassigned
7pa6_QQQ1-QQQ0,unassigned
7pa6_RRR1-RRR0,unassigned
7pa6_SSS1-SSS0,unassigned
7pa6_TTT1-TTT0,unassigned
7pa7_eee1-eee0,train
7pa7_bbb1-bbb0,train
7pa7_ooo1-ooo0,train
7pa7_ppp1-ppp0,train
7pa7_aaa1-aaa0,train
7pa7_ccc1-ccc0,train
7pa7_ddd1-ddd0,train
7pa7_mmm1-mmm0,train
7pa7_nnn1-nnn0,train
7pa7_qqq1-qqq0,train
7paa_ZZZ1-ZZZ0,train
7paa_KKK1-KKK0,train
7paa_aaa1-aaa0,train
7paa_bbb1-bbb0,train
7paa_ccc1-ccc0,train
7paa_ddd1-ddd0,train
7paa_eee1-eee0,train
7paa_WWW1-WWW0,train
7paa_XXX1-XXX0,train
7paa_YYY1-YYY0,train
7pa8_YYY0-FFF0,train
7pa8_HHH0-GGG0,train
7pa8_JJJ0-III0,train
7pa8_LLL0-KKK0,train
7pa8_NNN0-MMM0,train
7pa9_bbb0-aaa0,train
7pa9_ccc0-ddd0,train
7pa9_KKK0-LLL0,train
7pa9_MMM0-NNN0,train
7pa9_OOO0-PPP0,train
7pa9_QQQ0-RRR0,train
7pa9_TTT0-SSS0,train
7pa9_VVV0-WWW0,train
7pa9_XXX0-UUU0,train
7pa9_YYY0-ZZZ0,train
7pc2_O0-P0,train
7pc2_M0-N0,train
7pc2_Q0-R0,train
7lab_Y0-X0,train
7lab_T0-S0,train
7lab_H0-L0,train
7ch5_H0-L0,train
7chc_H0-L0,train
7che_H0-L0,train
7chb_H0-L0,train
7chs_H0-L0,train
7chz_H0-L0,train
7cjf_A0-B0,train
7cmk_H0-L0,train
7c81_H0-L0,train
7cn2_I0-i0,train
7cn2_J0-j0,train
7cn2_K0-k0,train
7cn2_M0-m0,train
7cn2_H0-L0,train
7cn2_G0-g0,train
7cr5_H0-L0,train
7czp_J0-N0,train
7czp_H0-L0,train
7czq_J0-N0,train
7czq_H0-K0,train
7czr_H0-K0,train
7czr_J0-N0,train
7d00_H0-K0,train
7d00_J0-N0,train
4rfo_H0-L0,train
5kjr_H0-L0,train
5x5x_H0-L0,train
4xny_H0-L0,train
4xnz_H0-L0,train
4xnz_B0-C0,train
4xnz_E0-F0,train
4xvj_H0-L0,valid
4xvt_H0-L0,unassigned
4xvs_H0-L0,test
4xxd_E0-D0,train
4xxd_B0-A0,train
4y5v_A0-B0,train
4y5v_D0-E0,train
4y5v_G0-H0,train
5mv3_A0-B0,train
5mv3_C0-D0,train
5mv3_F0-G0,train
5mv3_I0-J0,train
5mv3_O0-P0,train
5mv3_R0-S0,train
5mv3_U0-V0,train
5mv3_L0-M0,train
5mv4_A0-B0,train
5mv4_C0-D0,train
5mv4_F0-G0,train
5mv4_I0-J0,train
5mv4_L0-M0,train
5mv4_O0-P0,train
5mv4_R0-S0,train
5mv4_U0-V0,train
5mu0_A0-B0,train
5mu0_C0-D0,train
5mu0_E0-F0,train
5mu0_G0-H0,train
5mu0_I0-J0,train
5mu0_K0-L0,train
5mu0_M0-N0,train
5mu0_O0-P0,train
5mu2_A0-B0,train
5mu2_C0-D0,train
5mu2_E0-F0,train
5mu2_G0-H0,train
5mu2_I0-J0,train
5mu2_K0-L0,train
5mu2_M0-N0,train
5mu2_O0-P0,train
5mub_A0-B0,train
5mub_C0-D0,train
5mub_I0-J0,train
5mub_L0-M0,train
5mub_O0-P0,train
5mub_U0-V0,train
5mub_F0-G0,train
5mub_R0-S0,train
7rco_D0-C0,train
7rco_F0-E0,train
6xm2_B0-A0,train
6xm2_D0-C0,train
6xm2_F0-E0,train
6xm2_H0-G0,train
7rd3_H0-L0,train
7rd3_A0-B0,train
7rd4_A0-B0,train
7raj_H0-L0,train
7rd4_H0-L0,train
7rda_H0-L0,train
7rdk_B0-A0,train
7rdj_B0-A0,train
7rdl_D0-C0,train
7rdl_B0-A0,train
7rdm_B0-A0,train
7re7_I0-J0,train
7re7_H0-L0,train
7re9_H0-L0,train
7re9_A0-B0,train
7rfb_H0-L0,train
7rfb_A0-B0,train
7rk1_D0-D1,train
7rk1_C0-C1,train
6oo0_H0-L0,train
6ot1_H0-L0,train
6ot1_A0-C0,train
6ot1_M0-N0,train
6n16_A0-B0,train
6n16_K0-J0,train
6n16_C0-D0,train
6n16_H0-L0,train
6udj_D0-E0,train
6udj_H0-I0,train
6udj_N0-O0,train
8ag1_h0-l0,train
8ag1_H0-L0,train
7jv6_H0-L0,train
7jv6_C0-D0,train
7jv6_F0-G0,train
7jv2_H0-L0,train
7jv4_F0-G0,train
7jv4_D0-E0,train
7jv4_H0-L0,train
7rqq_H0-L0,test
7rr0_B0-C0,train
7rt9_C0-D0,test
7rt9_A0-B0,unassigned
7rta_H0-L0,unassigned
7ru3_H0-L0,train
7ru4_H0-L0,train
7rw2_H0-L0,train
7rw2_G0-J0,train
7rw2_I0-K0,train
7r9d_H0-L0,train
7rxc_H0-L0,train
7rxi_H0-L0,test
7rxj_H0-L0,train
7rxj_A0-B0,train
7rxl_C0-D0,unassigned
7rxl_H0-L0,test
7rxp_H0-L0,train
7ryv_E0-F0,train
7ryv_H0-L0,train
7ryv_I0-J0,train
7ryv_P0-Q0,train
7s07_H0-L0,unassigned
7s0j_H0-L0,test
7s08_H0-L0,train
7s08_A0-B0,train
7s1b_H0-L0,train
7s0b_C0-D0,train
7s0b_A0-B0,train
7s0c_M0-N0,train
7s0c_H0-L0,train
7s0d_H0-L0,train
7s0d_M0-N0,train
7s0d_O0-P0,train
7s0x_C0-D0,train
7s0x_H0-L0,train
7s13_I0-M0,train
7s13_H0-L0,train
7s1b_X0-Y0,train
7s07_X0-Y0,train
8hn7_D0-C0,train
8hn7_B0-A0,train
8hsc_F0-E0,train
8hs2_B0-C0,train
8tco_E0-D0,train
8tco_F0-G0,train
8tea_H0-G0,train
8tea_F0-I0,train
8ucd_H0-L0,train
3w2d_H0-L0,train
7b0b_H0-L0,train
4g6m_H0-L0,train
4g6k_H0-L0,train
4mau_H0-L0,train
7u5g_H0-L0,train
5yfi_H0-L0,train
5ywy_H0-L0,train
6wo5_C0-D0,train
6wo5_A0-B0,train
6wo5_G0-I0,train
6wo5_H0-L0,train
6wor_H0-L0,train
6woz_E0-F0,train
6woz_B0-C0,train
6woz_H0-I0,train
6woz_K0-L0,train
6wqo_B0-C0,train
6wqo_E0-F0,train
6wrp_H0-L0,train
6wtu_K0-L0,train
6wtu_B0-C0,train
6wtu_E0-F0,train
6wtu_H0-I0,train
6wtv_B0-C0,train
6wtv_H0-I0,train
6wtv_K0-L0,train
6wtv_E0-F0,train
6wty_E0-F0,train
6wty_B0-C0,train
6wty_K0-L0,train
6wty_H0-I0,train
6wvz_H0-L0,train
6ww5_E0-F0,train
6ww5_C0-D0,train
6wx1_H0-L0,train
6wxl_H0-L0,train
6wxl_F0-E0,train
6wxl_K0-J0,train
6wyr_I0-M0,train
6wyr_H0-L0,train
6wyt_H0-L0,test
6x1u_A0-B0,train
6x1u_H0-L0,train
7kx4_D0-A0,train
7kx4_B0-C0,train
7l7r_B0-A0,train
7kyl_X0-Y0,train
7kyl_H0-L0,train
7kyo_H0-L0,train
7kza_H0-L0,train
7kzb_A0-B0,train
7l0l_H0-L0,train
7l0l_G0-J0,train
7l0l_I0-K0,train
7l2e_H0-L0,train
7l2e_I0-K0,train
7l2e_G0-J0,train
3utz_B0-A0,train
3utz_C0-D0,train
3utz_F0-E0,train
6xq4_E0-F0,train
6xq4_C0-B0,train
6xqw_H0-L0,train
6xr0_H0-L0,train
6xrj_A0-B0,train
6xrj_C0-D0,train
6xrj_E0-F0,train
6xrj_H0-L0,train
6vtu_H0-L0,train
6xud_H0-L0,train
6xtg_H0-L0,train
6xuk_H0-L0,train
6xul_A0-B0,train
6xul_C0-D0,train
6xul_E0-F0,train
6xul_G0-I0,train
6xul_J0-K0,train
6xul_H0-L0,train
6xun_H0-L0,train
6xun_A0-B0,train
6xun_C0-D0,train
6xxv_D0-E0,train
6xxv_A0-B0,train
6xy2_H0-L0,train
6xzw_H0-L0,train
6y1n_H0-L0,train
1ghf_H0-L0,train
1rih_H0-L0,train
3ux9_B1-B0,train
3ux9_D1-D0,train
5f6i_B0-C0,train
5myk_B0-A0,train
5my4_B0-A0,train
5myo_D0-C0,train
5myo_B0-A0,train
7bbj_M0-N0,train
7bbj_H0-L0,train
7bnv_H0-L0,train
7nks_C0-D0,train
7nks_H0-L0,train
7np1_J0-N0,train
7np1_K0-O0,train
7np1_H0-L0,train
7np1_I0-M0,train
2q8b_H0-L0,train
2q8a_H0-L0,train
2qhr_H0-L0,train
2qql_H0-L0,train
2qqk_H0-L0,train
2qqn_H0-L0,valid
2qr0_B0-A0,train
2qr0_F0-E0,train
2qr0_H0-G0,train
2qr0_L0-K0,train
2qr0_N0-M0,train
2qr0_R0-Q0,train
2qr0_T0-S0,train
2qr0_X0-W0,train
2qsc_H0-L0,train
2r29_H0-L0,train
2r4r_H0-L0,train
2r4s_H0-L0,train
3kj6_H0-L0,train
2r56_I0-M0,train
2r56_H0-L0,train
2r8s_H0-L0,train
8dtt_E0-F0,unassigned
8dtt_A0-B0,valid
3ojd_B0-A0,train
3u0w_H0-L0,train
8epa_H0-L0,train
8epa_A0-B0,train
8erq_H0-L0,train
8err_H0-L0,train
8err_E0-F0,train
8err_I0-J0,train
8f0g_X0-Y0,train
8fbw_A0-B0,train
8fbw_C0-D0,train
8fz2_H0-L0,train
8fxj_H0-L0,train
8h3n_D0-E0,train
8hpk_H0-L0,train
8ivx_H0-L0,train
8j1t_H0-K0,train
8j1v_H0-K0,train
8j1v_C0-D0,train
8j1v_F0-G0,train
8scx_H0-L0,train
8e1m_H0-L0,train
8tp7_D0-F0,train
8tp7_E0-G0,train
8tp7_H0-L0,train
1kfa_I0-M0,train
1kfa_H0-L0,train
4g7y_H0-L0,train
4g7v_H0-L0,train
7te1_H0-L0,train
7te1_C0-F0,train
7te4_H0-L0,train
7te4_B0-A0,train
7tht_H0-L0,train
7tht_a0-c0,train
7tht_d0-b0,train
7tjq_A0-B0,train
7tjq_D0-E0,train
7tjq_H0-L0,train
3wkm_I0-M0,train
3wkm_H0-L0,train
5h35_A0-B0,train
5h35_H0-I0,train
5h35_F0-G0,train
5hbt_D0-C0,train
5hbv_D0-C0,train
5xhv_P0-Q0,train
5xhv_H0-L0,train
5xmh_D0-C0,train
5xmh_H0-L0,train
5xqw_H0-L0,train
5y11_A0-B0,valid
5y9c_H0-L0,train
5y9f_N0-M0,train
5y9f_b0-a0,train
5y9f_V0-U0,train
5y9f_L0-K0,train
5y9f_P0-O0,train
5y9f_R0-Q0,train
5y9f_T0-S0,train
5y9f_d0-c0,train
5y9f_X0-W0,train
5y9f_Z0-Y0,train
5yax_B0-B1,train
5yax_A0-A1,train
5ye4_C0-D0,train
5ye4_A0-B0,train
7x66_H0-L0,train
7x63_H0-L0,train
8doz_C0-D0,train
8doz_A0-B0,train
3tje_H0-L0,test
4tqe_H0-L0,train
4tpr_H0-L0,train
4trp_H0-L0,train
4tuj_A0-B0,train
4tuj_C0-D0,train
4tuk_H0-L0,train
4tul_H0-L0,train
4tuo_A0-B0,train
4tuo_C0-D0,train
4tsb_H0-L0,train
4tsc_H0-L0,train
4tsa_H0-L0,train
4ttd_H0-L0,train
4ttd_C0-D0,train
4u1g_B0-C0,train
4u1g_E0-F0,train
4u6h_C0-D0,train
4u6h_A0-B0,train
4u6v_K0-M0,train
4u6v_H0-L0,train
4uao_C0-B0,train
4uil_H0-L0,train
4uik_H0-L0,train
4uim_A0-B0,train
4uim_C0-D0,train
4uim_E0-F0,train
4uim_H0-L0,train
4uin_H0-L0,train
4ut6_I0-M0,train
4ut6_H0-L0,train
4uu9_A0-B0,unassigned
4uu9_H0-L0,valid
4uv4_H0-L0,train
4uv7_H0-L0,train
6wos_H0-L0,train
6bkc_H0-L0,train
7jie_C0-D0,train
7jie_E0-F0,train
7jkm_H0-L0,test
7jks_H0-L0,train
7jkt_H0-L0,train
7jln_A0-B0,train
7jmo_H0-L0,train
7jmp_H0-L0,train
7joo_H0-L0,train
7jr7_C0-D0,train
7bz5_H0-L0,train
7ukm_X0-Y0,train
7ukm_H0-L0,train
7ukm_M0-N0,train
8gye_E0-F0,train
8gye_B0-C0,train
7ahu_B0-A0,train
7ahu_H0-L0,train
7ahv_A0-B0,train
7aj6_H0-L0,valid
7amq_H0-L0,train
7amp_H0-L0,train
7ams_H0-L0,train
7amr_H0-L0,train
7aql_B0-B1,train
7aql_A0-A1,train
7aql_C0-C1,train
7aql_D0-D1,train
7arn_H0-L0,valid
7aue_S0-S1,train
7p00_H0-H1,train
7p02_H0-H1,train
7xk2_S0-S1,train
8hpt_H0-H1,train
6qnk_B0-A0,train
6qnk_D0-C0,train
7vug_S0-S1,train
7vuy_S0-S1,train
7vuz_S0-S1,train
7vv3_S0-S1,train
7vv5_S0-S1,train
7w0p_S0-S1,train
7w2z_S0-S1,train
7w3z_H0-H1,train
7w40_H0-H1,train
7w53_E0-E1,train
7w55_E0-E1,train
7w56_E0-E1,train
7w57_E0-E1,train
7w7e_H0-H1,train
7yfc_C0-C1,train
8g05_E0-E1,train
8fx5_H0-H1,train
8jz7_S0-S1,train
8k4n_E0-E1,train
8sai_S0-S1,train
8tb0_F0-F1,train
7o7f_H0-F0,train
8f7w_E0-E1,train
8j6d_H0-H1,train
7yj4_S0-S1,train
7yk6_S0-S1,train
7yk7_S0-S1,train
8feg_F0-F1,train
8hnk_S0-S1,train
8hnl_S0-S1,train
8hnm_S0-S1,train
8j6p_S0-S1,train
8j6q_S0-S1,train
8j6r_S0-S1,train
8jlq_S0-S1,train
8jlr_S0-S1,train
8w8b_E0-E1,train
7f4f_S0-S1,train
7f4h_S0-S1,train
7f8w_D0-D1,train
7f9z_E0-E1,train
7yfd_C0-C1,train
7x1u_D0-D1,train
7x2v_E0-E1,train
7x5h_E0-E1,train
7w6p_H0-H1,train
7y26_D0-D1,train
8e9w_E0-E1,train
8e9x_E0-E1,train
8e9y_E0-E1,train
8e9z_E0-E1,train
8hs3_S0-S1,train
8ibv_E0-E1,train
8ium_E0-E1,train
8jso_S0-S1,train
7s8p_E0-E1,train
7t10_S0-S1,train
7t11_S0-S1,train
7trk_H0-H1,train
7x9y_S0-S1,train
7xa3_E0-E1,train
7xat_E0-E1,train
7xau_E0-E1,train
7xav_E0-E1,train
7xbd_E0-E1,train
7t94_E0-E1,train
7t96_E0-E1,train
8efb_E0-E1,train
8f7r_E0-E1,train
8id8_S0-S1,train
8jii_S0-S1,train
8jln_S0-S1,train
6xbm_S0-S1,train
7t8x_E0-E1,train
7t90_E0-E1,train
7t6u_E0-E1,train
8jzz_H0-H1,train
8ef6_E0-E1,train
8efo_E0-E1,train
8eit_E0-E1,train
8ejk_E0-E1,train
7um5_E0-E1,train
7um6_E0-E1,train
7um7_E0-E1,train
6oij_H0-H1,train
6omm_E0-E1,train
7dfl_C0-C1,train
8hqe_H0-H1,train
7e9g_D0-D1,train
7eb2_N0-N1,train
7ej0_H0-H1,train
7ej8_H0-H1,train
7ejk_H0-H1,train
7ejx_S0-S1,train
7eo2_E0-E1,train
7eo4_E0-E1,train
7eq1_S0-S1,train
7ys6_E0-E1,train
7yu3_S0-S1,train
7yu5_S0-S1,train
7yu6_S0-S1,train
8hvi_H0-H1,train
8iy5_E0-E1,train
8ihj_S0-S1,train
8irs_E0-E1,train
8iru_E0-E1,train
8iw1_S0-S1,train
8iw4_S0-S1,train
8iys_E0-E1,train
8j18_S0-S1,train
8j1a_S0-S1,train
8jd6_D0-D1,train
8jim_S0-S1,train
7xwo_E0-E1,train
7t6v_E0-E1,train
7xjj_S0-S1,train
7xjk_E0-E1,train
7xms_S0-S1,train
7xmt_S0-S1,train
7xow_E0-E1,train
7xox_E0-E1,train
8i95_H0-H1,train
8i97_H0-H1,train
8i9l_H0-H1,train
8i9s_H0-H1,train
8iuk_E0-E1,train
8g59_S0-S1,train
8g94_E0-E1,train
8ghv_S0-S1,train
7s8l_E0-E1,train
7s8m_E0-E1,train
7s8n_E0-E1,train
7s8o_E0-E1,train
7sbf_E0-E1,train
7scg_E0-E1,train
8ia2_H0-H1,train
6xbk_S0-S1,train
6pt0_E0-E1,train
8gut_S0-S1,train
8id9_S0-S1,train
8wrb_E0-E1,train
7wq3_S0-S1,train
8efl_E0-E1,train
8fn1_E0-E1,train
8guq_S0-S1,train
8h0p_E0-E1,train
8hcq_E0-E1,train
8id6_S0-S1,train
8iw9_S0-S1,train
8jil_S0-S1,train
7wf7_E0-E1,train
7wig_S0-S1,train
7wkd_E0-E1,train
8sg1_E0-E1,train
7qvm_S0-S1,train
7ra3_E0-E1,train
7ran_E0-E1,train
7rbt_E0-E1,train
7tuz_E0-E1,train
6dde_E0-E1,train
7vl9_S0-S1,train
7vla_S0-S1,train
8thl_F0-F1,train
7v68_S0-S1,train
7v69_S0-S1,train
7vdh_S0-S1,train
7vdl_S0-S1,train
7vdm_S0-S1,train
7vfx_S0-S1,train
7vgx_S0-S1,train
7vgy_E0-E1,train
7vgz_F0-F1,train
7vh0_E0-E1,train
7vie_E0-E1,train
7vif_E0-E1,train
7vig_E0-E1,train
7vih_E0-E1,train
7vkt_E0-E1,train
7vl8_S0-S1,train
7kh0_S0-S1,train
7sqo_E0-E1,train
7sr8_E0-E1,train
7srr_E0-E1,train
7dw9_S0-S1,train
7e32_E0-E1,train
7e33_E0-E1,train
8hk2_H0-H1,train
7cmu_E0-E1,train
7cmv_E0-E1,train
8gus_S0-S1,train
8h0q_E0-E1,train
8hcx_E0-E1,train
8hj5_C0-C1,train
8ic0_E0-E1,train
8id4_S0-S1,train
8ihb_S0-S1,train
8ihh_S0-S1,train
8ihi_S0-S1,train
7evy_E0-E1,train
7rg9_E0-E1,train
7rgp_E0-E1,train
7rkm_D0-D1,train
7rkx_D0-D1,train
7y24_S0-S1,train
8dwc_E0-E1,train
8dwg_E0-E1,train
8dzp_E0-E1,train
8dzr_E0-E1,train
8dzs_E0-E1,train
8h8j_H0-H1,train
8hqm_H0-H1,train
7d77_S0-S1,train
7db6_E0-E1,train
7yon_S0-S1,train
7yoo_S0-S1,train
7ryc_E0-E1,train
8dzq_E0-E1,train
8hqn_H0-H1,train
7y1f_E0-E1,train
8dpf_E0-E1,train
8dph_E0-E1,train
8dpi_E0-E1,train
8ejc_E0-E1,train
8f7x_E0-E1,train
8gur_S0-S1,train
8h2g_E0-E1,train
8hbd_H0-H1,train
8id3_S0-S1,train
8j19_S0-S1,train
8jlj_S0-S1,train
8jlk_S0-S1,train
7na7_N0-N1,train
7na8_N0-N1,train
8hk3_H0-H1,train
7xta_E0-E1,train
7xw9_S0-S1,train
7xxh_H0-H1,train
7y12_S0-S1,train
7y15_S0-S1,train
7y64_S0-S1,train
7y65_S0-S1,train
7y66_S0-S1,train
7y67_S0-S1,train
6lfm_S0-S1,train
6lfo_S0-S1,train
6wha_E0-E1,train
6wwz_S0-S1,train
7l1v_H0-H1,train
6os9_D0-D1,train
6xox_E0-E1,train
7trp_H0-H1,train
7trq_H0-H1,train
7trs_H0-H1,train
7ts0_H0-H1,train
7xjl_E0-E1,train
7wic_S0-S1,train
7y27_D0-D1,train
8ef5_E0-E1,train
8f7q_E0-E1,train
8ia7_E0-E1,train
8ihf_S0-S1,train
8itf_S0-S1,train
8iul_E0-E1,train
8jhy_S0-S1,train
8thk_F0-F1,train
8wpu_E0-E1,train
7y89_S0-S1,train
7yac_S0-S1,train
7ydh_E0-E1,train
7ydj_E0-E1,train
6crk_H0-H1,train
6n4b_S0-S1,train
7t2h_E0-E1,train
7t6b_E0-E1,train
7t6s_E0-E1,train
7l1u_H0-H1,train
8irt_E0-E1,train
7jhj_D0-D1,train
7jvr_E0-E1,train
7b3o_H0-L0,train
7bbg_H0-L0,train
7beh_H0-L0,train
7kn7_H0-L0,train
7kn6_H0-L0,train
8gf2_C0-D0,train
8gf2_E0-F0,train
6xc4_H0-L0,train
6xc4_X0-Y0,train
6xc7_C0-D0,train
7kpb_H0-L0,train
7kpg_H0-L0,test
1fgn_H0-L0,train
1ahw_B0-A0,train
1ahw_E0-D0,train
1fh5_H0-L0,train
1fig_H0-L0,train
1rur_H0-L0,train
1a3l_H0-L0,train
1ruq_H0-L0,train
1rz7_H0-L0,train
4dvr_H0-L0,train
3jwd_H0-L0,train
3jwd_P0-O0,train
1rz8_B0-A0,train
1rz8_D0-C0,train
2nxy_D0-C0,train
2nxz_D0-C0,train
2ny0_D0-C0,train
2ny1_D0-C0,train
2ny2_D0-C0,train
2ny3_D0-C0,train
2ny4_D0-C0,train
2ny5_H0-L0,train
2ny6_D0-C0,train
1rzj_H0-L0,train
1rzk_H0-L0,train
2i5y_H0-L0,train
2i5y_R0-Q0,train
2i60_H0-L0,train
2i60_R0-Q0,train
4jm2_D0-C0,train
1g9m_H0-L0,train
1g9n_H0-L0,train
1gc1_H0-L0,train
1yyl_H0-L0,train
1yyl_R0-Q0,train
6opo_H0-L0,train
6opo_O0-K0,train
6opo_I0-E0,train
1ub5_H0-L0,train
1ub5_A0-B0,train
3cfc_H0-L0,train
1ub6_H0-L0,train
1ub6_A0-B0,train
1fl3_H0-L0,train
1fl3_A0-B0,train
3cfb_H0-L0,train
3cfb_B0-A0,train
7cm4_H0-L0,train
7cqc_H0-L0,train
6icc_H0-L0,train
6al0_H0-L0,train
4yny_A0-B0,train
4yny_C0-D0,train
7cqd_H0-L0,train
7cqd_I0-M0,train
6al1_H0-L0,train
4yo0_A0-B0,train
4yo0_C0-D0,train
7oo2_C0-D0,train
7oo2_A0-B0,train
7or9_A0-B0,unassigned
7nx6_A0-B0,valid
7nx7_A0-B0,unassigned
7nx8_A0-B0,unassigned
7nx9_A0-B0,unassigned
7nxa_A0-B0,unassigned
7nxb_A0-B0,unassigned
7q9g_H0-L0,unassigned
7q9g_E0-F0,unassigned
7or9_H0-L0,train
7ora_A0-B0,train
7ora_D0-E0,train
7pry_A0-B0,train
7pry_F0-G0,train
8bcz_C0-D0,train
7bel_A0-B0,train
7bel_C0-D0,train
7ora_F0-G0,train
7ora_H0-L0,train
7orb_H0-L0,train
7orb_C0-D0,train
7ben_H0-L0,train
7ben_D0-F0,train
7beo_H0-L0,train
7beo_C0-D0,train
7nd9_H0-L0,train
7nda_H0-L0,train
7orb_A0-B0,train
7orb_E0-F0,train
7ben_A0-B0,train
7ben_G0-I0,train
7beo_A0-B0,train
7beo_E0-F0,train
7ox1_E0-F0,train
7ox1_H0-L0,train
7ox1_A0-B0,train
7ox1_C0-D0,train
7ox4_A0-B0,train
7oxn_H0-K0,unassigned
7ow1_H0-K0,valid
8dok_C0-D0,train
8dok_G0-H0,train
8dok_K0-L0,train
8g6u_C0-D0,train
8g6u_G0-H0,train
8g6u_K0-L0,train
8ttw_C0-D0,train
8ttw_K0-L0,train
8ttw_G0-H0,train
4p9h_H0-L0,train
4p9m_H0-L0,train
8czz_C0-D0,train
8czz_G0-H0,train
8czz_K0-L0,train
8gpj_A0-C0,train
8gpj_D0-E0,train
8gpj_H0-L0,train
8gpi_A0-C0,train
8gpi_D0-E0,train
8gpi_H0-L0,train
8ttw_M0-N0,train
8ttw_O0-P0,train
8ttw_Q0-R0,train
4fq2_H0-L0,train
5t3z_H0-L0,train
7ucg_H0-L0,train
7ucg_J0-K0,train
7ucg_Q0-R0,train
7ugq_M0-P0,train
7ugq_N0-Q0,train
7ugq_O0-R0,train
6okp_K0-L0,train
6udj_A0-R0,train
6udj_K0-L0,train
6udj_Q0-B0,train
5kvf_H0-L0,train
5kvg_H0-L0,train
5kvl_H0-L0,train
5kw9_H0-L0,train
5kzp_H0-L0,test
5kzp_E0-I0,unassigned
5kzp_F0-J0,unassigned
5kzp_G0-K0,unassigned
4dgv_H0-L0,unassigned
4dgy_H0-L0,unassigned
5l0q_F0-E0,train
5l0q_C0-B0,train
5l7x_H0-L0,train
5l88_H0-L0,train
5l9d_H0-L0,train
5lgh_H0-L0,train
5lcv_H0-L0,train
8cxi_H0-L0,train
8cxi_h0-l0,train
4ut7_H0-L0,train
5ldn_H0-L0,train
5ogi_B1-B0,train
5ljy_H0-L1,train
5lqb_H0-L0,train
5lsp_H0-L0,train
5lsp_S0-T0,train
5lwy_H0-L0,train
5lx9_H0-H1,train
5lxa_H0-H1,train
5lxg_H0-L0,train
6yx9_H0-L0,train
6yxd_H0-L0,train
6yxf_H0-H1,train
6yxg_H0-H1,train
6krz_D0-E0,train
6krz_F0-G0,train
6krz_H0-I0,train
6ks0_H0-L0,train
6ks1_H0-L0,train
5m63_M0-N0,train
5m63_H0-L0,train
5n2k_B0-A0,train
5n2k_D0-C0,train
5n2k_F0-E0,train
5n2k_J0-I0,train
5n2k_L0-K0,train
5n2k_N0-M0,train
5n2k_P0-O0,train
5n2k_H0-G0,train
8t7a_D0-E0,train
8t7a_F0-G0,train
8t7a_H0-I0,train
8tb7_H1-L0,train
6cbv_H0-L0,train
7tuy_H0-L0,train
8tfn_H0-L0,train
8ty1_C0-B0,train
1i8k_B0-A0,train
1i8i_B0-A0,train
3t2n_I0-M0,train
3t2n_H0-L0,train
3tcl_H0-L0,train
3tcl_A0-B0,train
3tnm_H0-L0,train
3tnm_A0-B0,train
4ybl_H0-L0,train
4ybl_B0-C0,train
4yc2_H0-L0,train
4yc2_B0-C0,train
3tnn_H0-L0,train
3tnn_A0-B0,train
3tnn_C0-D0,train
3tnn_E0-F0,train
4h8w_H0-L0,train
5w4l_H0-L0,train
5w4l_F0-I0,train
3tv3_H0-L0,train
3tyg_H0-L0,train
6b3d_H0-L0,train
3twc_H0-L0,train
3u0t_B0-A0,train
3u0t_D0-C0,train
3u30_F0-E0,train
3u30_C0-B0,train
3u46_H0-L0,train
3u46_A0-B0,train
3u4b_H0-L0,train
3u6r_A0-B0,train
3u6r_H0-L0,train
3u7w_H0-L0,train
3u7y_H0-L0,train
4jkp_H0-L0,train
3u9p_K0-M0,train
3u9p_H0-L0,train
3u9u_C0-D0,train
3u9u_A0-B0,train
3ubx_G0-I0,train
3ubx_H0-L0,train
3uji_H0-L0,train
3ujj_H0-L0,valid
3ujt_I0-M0,train
3ujt_H0-L0,train
3uls_H0-L0,train
3uls_B0-A0,train
5gs0_D0-C0,train
5gs0_F0-E0,train
4lf3_B0-A0,train
4lf3_E0-D0,train
5xf1_C0-D0,train
5xf1_H0-L0,train
4ers_H0-L0,train
5xez_C0-D0,train
5xez_H0-L0,train
4onf_H0-L0,train
4ong_H0-L0,train
4ojf_H0-L0,train
4hix_H0-L0,train
4oqt_H0-L0,train
4osu_H0-L0,train
4ot1_H0-L0,train
7kdd_D0-E0,train
7kdd_F0-G0,train
7kdd_H0-I0,train
6df2_B0-A0,train
6df2_H0-L0,train
8oxx_B0-C0,train
8oxy_B0-C0,train
8oxw_B0-C0,train
8oxv_B0-C0,train
1it9_H0-L0,train
1iqw_H0-L0,train
1j05_H0-L0,train
1j05_B0-A0,train
1moe_B1-A0,train
1moe_A1-B0,train
1j5o_H0-L0,train
1t03_H0-L0,train
2hmi_D0-C0,train
6vug_D0-C0,train
6vun_A0-B1,train
6vun_B0-A1,train
1hys_D0-C0,train
1n6q_H0-L0,train
6vrp_A0-B1,train
6vrp_B0-A1,train
1r0a_H0-L0,train
1n5y_H0-L0,train
3klh_D0-C0,train
6vuo_A0-B1,train
6vuo_B0-A1,train
1bj1_H0-L0,train
1bj1_K0-J0,train
7v5n_B0-A0,train
7v5n_F0-E0,train
1bm3_H0-L0,train
1bz7_B0-A0,train
1r24_B0-A0,train
1r24_D0-C0,train
1c12_B0-A0,train
1c5c_H0-L0,train
1c5b_H0-L0,train
1c5d_B0-A0,train
1c5d_H0-L0,train
1cf8_H0-L0,train
1hq4_B0-A0,train
1hq4_D0-C0,train
1fpt_H0-L0,train
1iai_H0-L0,train
1ibg_H0-L0,train
1rzi_B0-A0,train
1rzi_D0-C0,train
1rzi_F0-E0,train
1rzi_H0-G0,train
1rzi_J0-I0,train
1rzi_L0-K0,train
1rzi_N0-M0,train
1rzi_P0-O0,train
1sbs_H0-L0,train
1seq_H0-L0,train
3eyu_H0-L0,train
2ipt_H0-L0,train
2ipu_H0-L0,train
2ipu_G0-K0,train
3eys_H0-L0,train
2r0z_H0-L0,train
3nn8_D0-E0,train
3nn8_G0-H0,train
3nn8_A0-B0,train
3nn8_C0-F0,train
4x0k_H0-L0,train
4x0k_A0-B0,train
4nkd_A0-B0,train
4nkd_C0-D0,train
4nkd_E0-F0,train
4nkd_G0-H0,train
3nps_B0-C0,train
3wd5_H0-L0,unassigned
6cr1_H0-L0,test
4nyl_H0-L0,unassigned
4nyl_A0-B0,unassigned
4nyl_C0-D0,unassigned
4nyl_E0-F0,unassigned
7u62_I0-M0,train
7u62_H0-L0,train
1jps_H0-L0,test
3rvu_D0-C0,train
3rvt_D0-C0,train
5vpg_D0-C0,train
5vph_D0-C0,train
5vpl_D0-C0,train
3s34_H0-L0,train
3s36_H0-L0,train
3s37_H0-L0,train
4gaj_H0-L0,train
4gay_H0-L0,train
4gay_A0-B0,train
6sxi_H0-L0,train
4g6a_C0-D0,train
4g6a_H0-L0,train
4hs6_B0-A0,train
4hs6_H0-L0,train
4gag_H0-L0,train
4lsp_H0-L0,train
4lsq_H0-L0,train
4lsr_H0-L0,train
6nnj_U0-V0,train
5i1g_H0-L0,train
5i1i_H0-L0,train
5i1j_H0-L0,train
5i1k_H0-L0,train
5jhl_H0-L0,train
7yix_D0-D1,train
7yix_C0-C1,train
7yk4_H0-L0,train
7yk4_I0-M0,train
6ogx_C0-D0,train
6okn_A0-B0,train
6okn_C0-D0,train
7ykj_A0-D0,train
8cim_D0-E0,train
8cim_F0-G0,train
8cim_H0-L0,train
8ct6_J0-K0,train
8ct6_H0-L0,train
8cw9_C0-D0,train
8cw9_H0-L0,train
8cw9_I0-K0,train
8cwi_H0-L0,train
8cwk_H0-L0,train
8dxu_H0-L0,train
8cwj_H0-L0,train
8cwj_A0-B0,train
6zh9_HHH0-LLL0,train
6zlr_HHH0-LLL0,train
6zlr_BBB0-CCC0,train
6zlr_FFF0-GGG0,train
6yla_H0-L0,train
6yla_B0-C0,train
6yor_H0-L0,train
6yor_B0-C0,train
6yz7_BBB0-CCC0,train
6yz7_HHH0-LLL0,train
6z2m_B0-C0,train
6z2m_H0-L0,train
7qez_E0-F0,train
7jn5_H0-L0,train
6w7y_H0-L0,train
6w7y_A0-B0,train
7r8l_C0-D0,train
6w41_H0-L0,train
7lop_W0-V0,train
7lop_B0-C0,train
7m6d_A0-B0,train
6xc3_H0-L0,train
6xc7_H0-L0,train
8cwj_U0-V0,train
8cwj_J0-K0,train
5sy8_H0-L0,train
5t29_H0-L0,train
5t5b_H0-L0,train
5t5b_A0-B0,train
5t6l_H0-L0,train
5t6l_A0-B0,train
5t80_H0-L0,train
5t85_H0-L0,train
7mf7_H0-L0,train
7mf7_A0-B0,train
7mf7_C0-D0,train
7mf7_E0-F0,train
5iq9_A0-B0,train
5iq9_H0-L0,train
5iq7_H0-L0,train
7mfa_H0-L0,train
7mfa_C0-D0,train
7mfa_G0-I0,train
7mfa_M0-N0,train
7mfa_Q0-R0,train
7mfa_U0-V0,train
7mfb_H0-L0,valid
5ghw_H0-L0,train
5jny_C0-D0,train
5jny_A0-B0,train
5tfw_H0-L0,train
6x58_A0-B0,train
6x58_C0-D0,train
7mf8_H0-L0,train
4g6f_H0-L0,train
4g6f_B0-D0,train
5wdf_H0-L0,train
5wdf_A0-B0,train
5szf_H0-L0,train
5t0y_H0-L0,train
5t0y_A0-B0,train
5t0y_I0-G0,train
5t1d_H0-L0,train
5t33_H0-L0,train
5t4z_H0-L0,train
5t4z_A0-B0,train
5iie_H0-L0,train
5iie_A0-B0,train
5t5f_H0-L0,train
7sa6_H0-L0,train
7sbz_A0-B0,train
7sbz_H0-L0,train
5t5n_G0-F0,train
5t5n_I0-H0,train
5t5n_K0-J0,train
5t5n_M0-L0,train
5t5n_O0-N0,train
4rdq_G0-F0,train
4rdq_I0-H0,train
4rdq_K0-J0,train
4rdq_M0-L0,train
4rdq_O0-N0,train
5t6p_B0-A0,train
5t6p_D0-C0,train
5t78_D0-C0,train
5t78_B0-A0,train
5tbd_E0-F0,train
5tbd_A0-B0,train
5tbd_D0-G0,train
5tbd_J0-K0,train
6x5e_B0-A0,train
6x5e_H0-L0,train
8f0l_A0-B0,train
8f0l_H0-L0,train
4imk_A0-D0,train
4imk_B0-C0,train
4iml_H0-L0,train
4iml_A0-B0,train
4y5x_A0-B0,train
4y5x_D0-E0,train
4y5x_G0-H0,train
4y5x_J0-K0,train
4y5y_D0-E0,train
4y5y_A0-B0,train
4ydi_H0-L0,train
4ydj_A0-B0,train
4ydj_H0-L0,train
4ydk_H0-L0,valid
4ydl_B0-C0,train
4ydl_H0-L0,train
4ye4_H0-L0,train
4yfl_H0-L0,train
4ygv_A0-B0,train
4ygv_F0-L0,train
4yhi_A0-B0,train
4yhi_H0-L0,train
4yhk_H0-L0,train
4yhl_H0-L0,train
4yhm_H0-L0,train
4yhn_A0-B0,train
4yhn_F0-L0,train
4yho_H0-L0,train
4yhp_A0-B0,train
4yhp_C0-D0,train
4yhp_E0-F0,train
4yhp_H0-L0,train
4yhy_B0-C0,train
4yhy_H0-L0,train
4yhz_H0-L0,train
4yk4_C0-B0,train
4yk4_Z0-Y0,train
4ypg_H0-L0,train
4ypg_B0-A0,train
4yqx_N0-O0,train
4yqx_H0-L0,train
4yue_H0-L0,train
4ywg_I0-M0,train
4ywg_H0-L0,train
3r1g_H0-L0,train
3ra7_I0-M0,train
3ra7_H0-L0,train
3rhw_F0-N0,train
3rhw_I0-O0,train
3rhw_G0-K0,train
3rhw_H0-L0,train
3rhw_J0-M0,train
3ri5_G0-K0,train
3ri5_H0-L0,train
3ri5_F0-N0,train
3ri5_I0-O0,train
3ri5_J0-M0,train
3rif_F0-N0,train
3rif_G0-K0,train
3rif_H0-L0,train
3rif_I0-O0,train
3rif_J0-M0,train
4tnw_V0-Z0,train
4tnw_Y0-g0,train
4tnw_J0-M0,train
4tnw_F0-N0,train
4tnw_G0-K0,train
4tnw_H0-L0,train
4tnw_I0-O0,train
4tnw_U0-h0,train
4tnw_W0-f0,train
4tnw_X0-i0,train
3rpi_H0-L0,train
3rpi_A0-B0,train
4gw4_A0-B0,train
4gw4_H0-L0,train
3s35_H0-L0,train
3s96_A0-B0,train
3s96_C0-D0,train
4dcq_B0-A0,train
3sdy_H0-L0,train
3se8_H0-L0,train
6v8z_C0-F0,train
6v8z_I0-L0,train
6v8z_O0-R0,train
5jxa_H0-L0,train
6mpg_q0-r0,train
6mpg_80-70,train
6mpg_Q0-R0,train
6ot1_S0-T0,train
6ot1_q0-r0,train
6ot1_J0-K0,train
3se9_H0-L0,train
4i3r_H0-L0,train
4i3s_H0-L0,train
7rsn_H0-L0,train
7rsn_E0-J0,train
7rsn_F0-K0,train
3sgd_H0-L0,train
3sgd_J0-I0,train
3sge_H0-L0,train
3sge_J0-I0,train
3skj_I0-M0,train
3skj_H0-L0,train
3so3_C0-B0,train
3sob_H0-L0,train
8ffe_H0-L0,train
3sqo_H0-L0,train
4lex_H0-L0,train
8dgv_H0-L0,train
8dtr_E0-F0,train
8dtr_A0-B0,train
4fqc_H0-L0,train
4fq1_H0-L0,train
4jy4_B0-A0,train
4m1c_C0-D0,train
4m1c_E0-F0,train
4iof_C0-D0,train
4iof_E0-F0,train
5cjo_H0-L0,train
4m5y_H0-L0,valid
4m5y_I0-M0,unassigned
4m5z_H0-L0,unassigned
7x25_H0-K0,train
7x25_A0-C0,train
7x25_E0-F0,train
7x28_C0-D0,train
7x28_H0-K0,train
7x29_H0-K0,train
7x29_F0-G0,train
7x2a_H0-K0,train
7x2i_H0-L0,train
7x2o_H0-L0,train
7x37_H0-L0,train
7x2h_A0-B0,train
7x2h_C0-D0,train
8h08_N0-O0,train
8h08_I0-K0,train
8h08_Q0-R0,train
8h07_N0-O0,train
8h07_I0-K0,train
8h07_Q0-R0,train
7x2k_H0-L0,train
7e8m_H0-L0,train
7cdi_H0-L0,train
7xnf_H0-L0,train
7x2w_H0-L0,train
7x3c_H0-L0,train
7x40_H0-L0,train
7x49_H0-L0,train
7x4m_H0-L0,train
7x3d_H0-L0,train
7x3e_H0-L0,train
7x3y_H0-L0,train
4wht_A0-B0,train
4wht_C0-D0,train
4wht_G0-H0,train
4wht_I0-J0,train
4wht_K0-L0,train
4wht_M0-N0,train
4wht_Q0-R0,train
4wht_S0-T0,train
4wht_X0-Y0,train
4wht_E0-F0,train
4wht_O0-P0,train
4wht_U0-V0,train
4why_G0-H0,train
4why_I0-J0,train
4why_M0-N0,train
4why_K0-L0,train
4wuk_H0-L0,train
5ugy_J0-N0,train
5ugy_H0-L0,train
5ugy_I0-M0,train
4wuu_E0-D0,train
4x80_H0-L0,train
4x8j_A0-B0,train
4x8j_H0-L0,train
4xak_H0-L0,train
4xak_D0-E0,train
6h3u_I0-M0,train
6h3u_H0-L0,train
7kmg_A0-B0,valid
7kmg_D0-E0,unassigned
7l3n_D0-E0,unassigned
7lkb_H0-L0,valid
7lkb_B0-C0,unassigned
7rcs_H0-L0,train
7rcs_A0-B0,train
7ufn_B0-C0,train
7ufn_A0-D0,train
7rd9_H0-L0,train
7ufo_H0-L0,train
8dgx_A0-B0,train
8dgx_H0-L0,train
1f3d_K0-J0,train
1f3d_H0-L0,train
1nlb_H0-L0,train
1mhh_B0-A0,train
1mhh_D0-C0,train
1xcq_B0-A0,train
1xcq_F0-E0,train
1xcq_D0-C0,train
1xcq_H0-G0,train
1xct_B0-A0,train
1xct_D0-C0,train
1xf5_B0-A0,train
1xf5_D0-C0,train
1n64_H0-L0,train
1ymh_B0-A0,train
1ymh_D0-C0,train
1nld_H0-L0,train
5ezi_H0-L0,train
5ezj_A0-B0,train
5ezl_A0-B0,train
5ezl_H0-L0,train
6ugs_H0-L0,train
6ugs_A0-B0,train
6ugt_H0-L0,train
6ugt_A0-B0,train
6ugu_H0-L0,train
6ugu_A0-B0,train
6ugv_H0-L0,train
6ugv_A0-B0,train
5vh3_H0-L0,train
5vh3_A0-B0,train
5vh4_A0-B0,train
5vh4_H0-L0,train
4g3y_H0-L0,train
6uig_B0-C0,train
6uig_H0-L0,train
6uj9_H0-L0,train
7kgu_B0-A0,train
7kgu_D0-C0,train
7kgu_F0-E0,train
7kgu_H0-L0,train
6ukj_H0-L0,train
6ule_C0-D0,train
6ule_A0-B0,train
6ulf_A0-B0,train
6o24_A0-B0,train
6vln_H0-L0,train
6cbp_A0-A1,train
5tqa_H0-L0,train
5tqa_A0-B0,train
7ue9_H0-L0,test
4hha_B0-A0,train
4hh9_B0-A0,train
4hh9_D0-C0,train
8el2_H0-L0,train
8el2_I0-K0,train
8ezk_I0-I1,train
8ezk_H0-H1,train
8fzo_A0-B0,train
7kpj_A0-B0,train
7kpj_C0-D0,train
8g2o_H0-L0,valid
8gbx_H0-L0,train
8gto_H0-L0,train
8gto_I0-M0,train
8gto_J0-N0,train
8h3b_A0-A1,train
8h3b_B0-B1,train
8h3c_A0-A1,train
8h3c_B0-B1,train
8h3c_C0-C1,train
8h3c_D0-D1,train
8h3c_E0-E1,train
7ycn_K0-L0,train
7ycn_E0-F0,train
7ycn_C0-D0,train
7ycn_H0-I0,train
8hn6_C0-D0,valid
8hn6_A0-B0,unassigned
8j1q_B0-A0,train
8j26_B0-A0,train
7zjl_h0-g0,train
7zjl_j0-i0,train
7zjl_l0-k0,train
8jbj_C0-D0,train
8jbj_A0-B0,train
5u0u_G0-G1,train
5u0u_A0-A1,train
5u0u_C0-C1,train
5u0u_E0-E1,train
8tfr_A0-B0,train
8tfp_B0-A0,train
8tfp_H0-L0,train
8tfq_B0-A0,train
8tfq_H0-L0,train
8tp5_E0-F0,train
8tp5_H0-L0,train
8tp5_J0-K0,train
8tp4_H0-L0,train
8tp6_F0-G0,train
8tp6_H0-L0,train
8tp6_C0-D0,train
8tp9_D0-F0,train
8tp9_E0-G0,train
8tp9_H0-L0,train
8tpa_H0-L0,train
8tpa_D0-E0,train
8tpa_I0-J0,train
1mfb_H0-L0,train
1mfa_H0-L0,train
1mfc_H0-L0,train
1mfd_H0-L0,train
1mfe_H0-L0,train
1mh5_H0-L0,train
1mh5_B0-A0,train
1mj7_H0-L0,train
1mie_H0-L0,train
1mj8_H0-L0,train
1mjj_B0-A0,train
1mjj_H0-L0,train
1mju_H0-L0,train
5gs3_A0-H1,train
5gs3_H0-A1,train
5vzr_H0-L0,train
5vzr_A0-B0,train
6nou_A0-A1,unassigned
6nov_A0-B0,valid
6nov_C0-D0,unassigned
6nyq_H0-L0,train
6mtp_A0-B0,valid
6mtp_H0-L0,unassigned
6mtr_H0-L0,train
6mts_H0-L0,train
6mtt_H0-L0,train
6mvl_H0-L0,train
6mxr_H0-L0,train
6mxr_A0-B0,train
6mxs_H0-L0,test
6mxs_A0-B0,unassigned
6my4_H0-L0,train
6my4_A0-B0,train
6my5_H0-L0,train
6my5_A0-B0,train
6wik_D0-C0,train
8dl7_D0-C0,train
8dl6_D0-C0,train
8dl8_D0-C0,train
6vyh_D0-C0,train
7u2d_H0-L0,train
8d54_A0-B0,train
5e94_D0-C0,train
5e94_B0-A0,train
6b5p_H0-L0,unassigned
6b5r_H0-L0,valid
6b5s_H0-L0,unassigned
6b5t_H0-L0,unassigned
6b6z_B0-A0,train
6b6z_D0-C0,train
5vz1_B0-A0,train
5vz1_D0-C0,train
6b9j_A0-B0,train
6b9j_H0-L0,train
6ba5_B0-A0,train
6ba5_D0-C0,train
6ba5_F0-E0,train
6ba5_H0-G0,train
6ban_B0-A0,train
6ban_F0-E0,train
6ban_H0-G0,train
6ban_D0-C0,train
6bb4_H0-L0,train
6bb4_I0-M0,train
6bb4_J0-N0,train
6bf4_B0-C0,train
6bf4_H0-L0,train
6bfq_C0-D0,train
6bfq_H0-L0,train
6bfq_A0-B0,train
6bfq_E0-F0,train
6bfs_H0-L0,train
6bpa_E0-F0,train
6bpa_B0-C0,train
6bpe_B0-C0,train
6bpe_E0-F0,train
6bpe_H0-I0,train
6bqb_H0-L0,train
8bg1_A0-B0,train
8bg1_D0-E0,train
8bg1_G0-H0,train
8bg1_J0-K0,train
8dzh_E0-D0,train
8dzh_H0-L0,train
8dzh_I0-J0,train
8dzi_H0-L0,train
8dzi_B0-D0,train
8dzi_G0-F0,train
8ekh_H0-L0,train
4hk0_A0-B0,unassigned
4hk0_C0-D0,unassigned
4hk3_J0-N0,train
8ek6_H0-L0,test
8eoo_H0-L0,train
8eoo_E0-J0,train
8eqc_H0-L0,valid
8eqc_B0-A0,unassigned
8e6j_H0-L0,unassigned
8e6j_E0-I0,unassigned
8e6j_F0-J0,unassigned
8e6j_G0-K0,unassigned
8euq_I0-H0,train
8euq_C0-D0,train
8ez3_H0-L0,train
8ezm_H0-H1,valid
8f0h_B0-D0,train
8f0h_H0-L0,train
8e1g_H0-L0,train
8e1g_V0-T0,train
4yjz_L1-L0,train
4z5r_K0-J0,train
4z5r_M0-L0,train
4z5r_W0-V0,train
4z5r_Q0-P0,train
4z5r_S0-R0,train
4z5r_U0-T0,train
4z5r_Z0-Y0,train
4z5r_B0-A0,train
5vqm_D0-C0,train
5vqm_H0-L0,train
5vyf_B0-A0,train
5vyf_H0-L0,train
5vzx_H0-L0,train
5vzx_E0-I0,train
5vzy_H0-L0,train
5w05_H0-L0,train
5w06_H0-L0,train
4m7k_H0-L0,train
4m7l_H0-L0,train
5w0d_B0-C0,train
5w0k_H0-L0,train
5w0k_E0-F0,train
5w1g_H0-L0,valid
5x2o_H0-L0,train
5x2o_J0-K0,train
5x2p_H0-L0,train
5x2p_J0-K0,train
5x2q_H0-L0,train
5x2q_J0-K0,train
5x2m_H0-L0,train
5x2m_J0-K0,train
5x2n_H0-L0,train
5x2n_J0-K0,train
5x8l_G0-L0,train
5x8l_H0-M0,train
5x8l_J0-O0,train
5x8l_F0-K0,train
5x8l_S0-N0,train
5xxy_H0-L0,train
5xbm_E0-D0,train
5xbm_B0-A0,train
6o9i_D0-E0,train
6oan_D0-D1,train
6oan_B0-B1,train
6oao_B0-B1,train
6oao_D0-D1,train
6oao_F0-F1,train
6oao_H0-H1,train
6oao_J0-J1,train
6oao_L0-L1,train
6obd_H0-L0,train
6obd_B0-A0,train
6obz_A0-B0,train
6obz_H0-L0,train
6oc3_A0-B0,train
6oc3_C0-D0,train
6ocb_H0-L0,train
6oe4_E0-F0,train
6oe4_B0-C0,train
6oed_H0-L0,train
6oed_A0-B0,train
6oed_C0-D0,train
6oej_B0-C0,train
6oej_H0-L0,train
4fz8_H0-L0,train
6oel_H0-L0,train
6ohg_C0-B0,train
6okm_H0-L0,train
6ogx_H0-L0,train
6okq_D0-C0,train
6okq_A0-B0,train
6okq_F0-E0,train
6okp_M0-N0,train
6okp_O0-P0,train
6okp_Q0-R0,train
6ol5_A0-B0,train
6ol6_A0-B0,train
6ol6_H0-L0,train
6ol5_H0-L0,train
6ol7_E0-D0,train
6ol7_A0-Q0,train
6ol7_K0-J0,train
6ol7_P0-O0,train
6oor_H0-L0,train
1flr_H0-L0,train
7pqy_H0-L0,unassigned
7pqy_B0-C0,unassigned
7pqz_H0-L0,unassigned
7q0g_H0-L0,test
7pqz_A0-B0,train
7pr0_H0-L0,train
7pr0_C0-B0,train
7pr0_G0-F0,train
7pry_H0-L0,train
7pry_C0-D0,train
7prz_H0-L0,train
7ps0_H0-L0,train
7ps0_B0-C0,train
7ps2_A0-B0,train
3ifn_H0-L0,train
3ifl_H0-L0,train
3ifo_A0-B0,train
3ifo_H0-L0,train
3ifp_C0-D0,train
3ifp_H0-L0,train
3ifp_A0-B0,train
3ifp_E0-F0,train
3ijh_B0-A0,train
3ijh_D0-C0,train
3ijs_B0-A0,train
3ijs_D0-C0,train
3ijy_B0-A0,train
3ijy_D0-C0,train
3ikc_B0-A0,train
3ikc_D0-C0,train
3inu_H0-L0,train
3inu_M0-N0,train
3csy_C0-D0,train
3csy_G0-H0,train
3csy_A0-B0,train
3csy_E0-F0,train
3iu4_H0-L0,train
3i50_H0-L0,train
4gq9_H0-L0,train
4odv_H0-L0,train
4odw_H0-L0,train
4odw_A0-B0,train
1clz_H0-L0,train
1cly_H0-L0,train
32c2_B0-A0,train
4zs6_C0-D0,train
4zs6_H0-L0,train
6k4z_B1-B0,train
6k4z_A1-A0,train
6w73_H0-L0,train
7jwg_A0-B0,train
7jwg_H0-L0,train
7kqh_C0-D0,train
7kqh_H0-L0,train
7mrz_X0-Y0,train
7oly_H0-L0,train
7n3e_H0-L0,train
7r8m_D0-E0,train
7r8m_H0-L0,train
7rah_B0-A0,train
7rah_D0-C0,train
7rly_C0-D0,train
7rly_E0-F0,train
7rly_A0-B0,train
7rlv_A0-B0,train
7rlv_C0-D0,train
7rlv_E0-F0,train
7rlw_A0-B0,train
7rlw_C0-D0,train
7rlx_A0-B0,train
7rlz_A0-B0,train
7rlz_D0-C0,train
7rp3_H0-I0,unassigned
7rp2_H0-I0,test
7mdp_H0-I0,unassigned
7s5q_B0-C0,train
7sfx_G0-H0,train
7sfx_C0-D0,train
7sfx_A0-B0,train
7sfx_J0-K0,train
7t75_H0-L0,train
6x9v_H0-L0,train
7mdu_E0-F0,train
7t74_K0-G0,train
7t74_M0-N0,train
7t74_I0-J0,train
6x9u_H0-L0,train
6nfc_C0-D0,train
6nfc_J0-M0,train
6nfc_K0-N0,train
7u0c_A0-B0,train
7u0c_C0-D0,train
7u0c_H0-L0,train
4k94_H0-L0,train
4k9e_H0-L0,train
4kht_H0-L0,train
3ma9_H0-L0,train
4khx_H0-L0,train
3mac_H0-L0,train
4ki5_C0-D0,train
4xzu_A0-B0,train
4xzu_E0-F0,train
8bcz_H0-L0,train
8bcz_A0-B0,train
8bbo_H0-L0,train
8fat_C0-D0,train
8fat_A0-B0,train
3e8u_H0-L0,train
3efd_H0-L0,train
3eot_H0-L0,train
3esv_G1-G0,train
3esv_F1-F0,train
3et9_F1-F0,train
3esu_F1-F0,train
3eyf_B0-A0,train
3eyf_D0-C0,train
3eyo_B0-A0,train
3eyo_D0-C0,train
3f12_D0-C0,train
3eyq_D0-C0,train
3f12_B0-A0,train
3f58_H0-L0,train
2f58_H0-L0,train
1f58_H0-L0,train
3fct_B0-A0,train
3fct_D0-C0,train
1ngz_B0-A0,train
1ngw_H0-L0,train
1ngw_B0-A0,train
1ngx_B0-A0,train
1ngx_H0-L0,train
1ngy_B0-A0,train
1n7m_L0-H0,train
3fku_X0-X1,train
3fku_Y0-Y1,train
3fku_Z0-Z1,train
3fku_S0-S1,train
3fku_T0-T1,train
3fku_U0-U1,train
3fmg_H0-L0,train
3fn0_H0-L0,valid
3q1s_H0-L0,unassigned
3fo0_H0-L0,train
3fo1_H0-L0,train
3fo1_B0-A0,train
3fo2_H0-L0,train
3fo2_B0-A0,train
2gjz_H0-L0,train
2gjz_B0-A0,train
2gk0_H0-L0,train
2gk0_B0-A0,train
3fzu_C0-D0,train
3fzu_H0-L0,train
4lu5_H0-L0,train
4lu5_I0-M0,train
4m1g_H0-L0,train
5x08_H0-L0,train
6x1t_H0-L0,train
6x1t_A0-B0,train
6x1t_C0-D0,train
6x1t_E0-F0,train
6x1t_G0-I0,train
6x1t_J0-K0,train
7n3i_H0-L0,unassigned
7n3g_H0-L0,valid
7n4i_H0-L0,valid
7n4j_H0-L0,train
7n5h_H0-L0,train
7n5h_E0-F0,train
7n5h_J0-K0,train
8ee1_B0-C0,train
8ee1_G0-H0,train
5u3o_H0-L0,train
5u3p_H0-L0,train
5u4r_H0-L0,train
5u4r_A0-B0,train
5u68_E0-E1,train
5u68_F0-F1,train
5u68_G0-G1,train
5u8r_H0-L0,train
5u8q_H0-L0,train
5uby_H0-L0,train
5ubz_H0-L0,train
5ucb_H0-L0,valid
5uek_H0-L0,train
6ayz_B0-D0,unassigned
6ayz_R0-C0,unassigned
5ud9_H0-L0,train
5udc_H0-L0,train
5udc_B0-C0,train
5udc_E0-G0,train
5uea_H0-L0,train
5uea_A0-B0,train
6az2_A0-F0,train
6az2_C0-E0,train
4rrp_G0-A0,train
4rrp_H0-B0,train
4rrp_I0-C0,train
4rrp_J0-D0,train
4rrp_K0-E0,train
4rrp_L0-F0,train
5uel_H0-L0,train
5uem_H0-L0,train
5ug0_D0-C0,train
5uix_H0-L0,train
5ukn_H0-L0,train
5ukp_H0-L0,train
5uko_H0-L0,train
5ukq_H0-L0,train
5ukr_H0-L0,train
5umi_A0-B0,train
5umi_H0-L0,train
5jrp_H0-L0,train
5weq_B0-A0,train
5ush_H0-L0,train
5ush_D0-E0,train
5usl_B0-C0,train
5usl_H0-L0,train
5utz_H0-L0,train
5utz_B0-C0,train
5utz_J0-K0,train
5utz_F0-G0,train
1h3p_H0-L0,train
1h8n_A1-A0,train
1h8o_B1-B0,train
1h8o_A1-A0,train
1h8s_A1-A0,train
1h8s_B1-B0,train
1i3g_H0-L0,train
1hkl_H0-L0,unassigned
1gaf_H0-L0,test
3cmo_Y0-X0,train
3cmo_H0-L0,train
3cvh_H0-L0,train
3cvh_Q0-R0,train
3cvi_H0-L0,train
3dgg_D0-C0,train
3dgg_B0-A0,train
6x1s_H0-L0,train
6x1s_A0-B0,train
6x1s_C0-D0,train
6x1s_E0-F0,train
7km6_h0-l0,valid
7km6_H0-L0,unassigned
1m71_B0-A0,train
1m7d_B0-A0,train
1m7i_B0-A0,train
3v6o_C0-E0,train
3v6o_D0-F0,train
3vg0_H0-L0,train
5gry_A0-G1,train
5gry_G0-A1,train
5grz_G0-A1,train
5grz_A0-G1,train
5grx_G0-H1,train
5grx_H0-G1,train
2v7n_B0-A0,train
2v7n_D0-C0,train
2v7n_F0-E0,train
2v7n_H0-G0,train
5grw_A0-B1,train
5grw_B0-A1,train
5gs1_B0-A0,train
5gs1_N0-M0,train
5gs1_P0-O0,train
5gs1_R0-Q0,train
5gs1_C0-D1,train
5gs1_D0-C1,train
5gs1_E0-F1,train
5gs1_F0-E1,train
5gs1_G0-H1,train
5gs1_H0-G1,train
5gs1_I0-J1,train
5gs1_J0-I1,train
5gs1_K0-L1,train
5gs1_L0-K1,train
6c6z_H0-L0,train
6c6z_C0-D0,train
6m87_B0-A0,train
6m87_J0-I0,train
6m87_D0-C0,train
6m87_F0-E0,train
6m87_H0-G0,train
6m87_L0-K0,train
6ehw_B0-B1,train
6ehx_B0-B1,train
6ehy_A0-A1,train
6ehy_B0-B1,train
6ejm_I0-I1,train
6ejm_H0-H1,train
6ek2_I0-I1,train
6ek2_H0-H1,train
6ele_A0-B0,train
6ele_H0-L0,train
6elj_A0-B0,train
6elj_H0-L0,train
6ell_A0-B0,train
6ell_H0-L0,train
6emj_A0-B0,train
6emj_H0-L0,train
6elu_B0-C0,train
6elu_E0-F0,train
6elu_H0-I0,train
6elu_K0-L0,train
1igy_D0-C0,train
1igy_B0-A0,train
2iff_H0-L0,train
1bql_H0-L0,train
5kan_G0-I0,train
5kan_H0-L0,train
5kan_J0-K0,train
5t3z_D0-E0,train
1cz8_Y0-X0,train
1cz8_H0-L0,train
1d5i_H0-L0,train
1d6v_H0-L0,train
1h0d_B0-A0,test
2zuq_F0-E0,train
2zuq_C0-B0,train
3ab0_E0-F0,train
3ab0_B0-C0,train
3auv_A1-A0,train
3auv_D1-D0,train
3auv_E1-E0,train
3auv_F1-F0,train
3auv_B1-B0,train
3auv_C1-C0,train
2fjf_D0-C0,train
2fjf_I0-G0,train
2fjf_N0-M0,train
2fjf_P0-O0,train
2fjf_V0-U0,train
2fjf_H0-L0,train
2fjf_B0-A0,train
2fjf_F0-E0,train
2fjf_K0-J0,train
2fjf_R0-Q0,train
2fjf_T0-S0,train
2fjf_X0-W0,train
2fjg_H0-L0,train
2fjg_B0-A0,train
3b2u_F0-G0,train
3b2u_N0-O0,train
3b2u_T0-U0,train
3b2u_W0-X0,train
3b2u_H0-L0,train
3b2u_C0-D0,train
3b2u_J0-K0,train
3b2u_Q0-R0,train
3b2v_H0-L0,train
6b3s_J0-K0,train
6b3s_H0-L0,train
6b3s_C0-D0,train
6b3s_F0-G0,train
3i75_B0-A0,train
6xli_A0-B0,train
6xli_C0-D0,train
6xli_H0-L0,train
7jvd_H0-L0,train
7k8n_A0-B0,train
7d0c_H0-L0,train
7d0c_G0-F0,train
7k8m_A0-B0,train
4ki5_E0-F0,train
7kc1_E0-F0,train
7kc1_J0-K0,train
7kc1_H0-L0,train
7lf8_H0-L0,train
7lf7_A0-B0,train
7lf7_H0-L0,train
7lki_DDD0-EEE0,train
7lki_AAA0-BBB0,train
7lm9_H0-L0,valid
7lsb_B0-D0,train
7t7b_H0-L0,train
7unb_H0-L0,train
7unb_F0-E0,test
7uxl_F0-E0,train
7ut3_H0-L0,train
5jz7_G0-I0,train
5jz7_C0-D0,train
5jz7_H0-L0,train
5jz7_J0-K0,train
5k59_E0-F0,train
5k59_H0-L0,train
5k9j_H0-L0,train
5k9k_A0-B0,train
5k9k_H0-L0,train
5k9o_H0-L0,train
5k9o_A0-B0,train
5k9q_S0-T0,train
5k9q_G0-I0,train
5k9q_H0-L0,train
5k9q_J0-K0,train
5k9q_U0-V0,train
5k9q_X0-Y0,train
5kn5_D0-E0,train
5kn5_A0-B0,train
5kov_C0-C1,train
5kov_E0-E1,train
5kov_K0-K1,train
5kov_I0-I1,train
5kov_O0-O1,train
5kov_U0-U1,train
5i30_H0-L0,train
4zxb_C0-D0,train
5kvd_H0-L0,train
5kve_L1-L0,train
7dk2_A0-B0,train
7dk2_D0-E0,train
7dk2_G0-H0,train
7dk2_J0-K0,train
1i9i_H0-L0,train
1i9j_H0-L0,train
7k37_H0-G0,train
7k37_J0-I0,train
7k37_L0-K0,train
7k39_H0-G0,train
7k39_J0-I0,train
7k39_L0-K0,train
7k3b_H0-G0,train
7k3b_J0-I0,train
7k3b_L0-K0,train
5aum_H0-L0,train
5ea0_H0-L0,train
6cdm_A0-B0,train
6cdm_D0-E0,train
6cdo_A0-B0,train
6wwc_A0-B0,train
6wwc_D0-H0,train
6wx2_A0-B0,train
6wx2_H0-L0,train
6cdp_A0-B0,train
6cez_H0-L0,train
6wj0_H0-L0,valid
6wj1_H0-L0,unassigned
6wj1_J0-K0,unassigned
6wj1_G0-I0,unassigned
6wjl_F0-J0,train
6wjl_H0-L0,train
6wju_B0-A0,train
6wju_H0-L0,train
6xey_F0-G0,train
6xey_H0-L0,train
6xey_J0-K0,train
7l79_H0-L0,train
7l79_A0-B0,train
7lg6_H0-L0,train
7lg6_O0-Q0,train
7lg6_P0-R0,train
5mhg_H0-L0,train
5mhe_H0-L0,train
5mhr_N0-G0,train
5mhr_I0-H0,train
5mhr_K0-J0,train
5mhr_M0-L0,train
5mhr_P0-O0,train
5mhr_R0-Q0,train
5mi0_B0-C0,train
4u0r_B0-C0,train
6u36_H0-L0,train
6u38_H0-L0,train
6wfx_H0-L0,train
6wfy_H0-L0,valid
6wfz_A0-B0,train
6wfz_H0-L0,train
6wg1_A0-B0,train
6wg1_H0-L0,train
6wg0_H0-L0,train
6wg2_H0-L0,train
6wg2_I0-M0,train
6w00_H0-L0,train
6wg8_A0-B0,train
6wgb_A0-B0,train
6wgb_C0-D0,train
6wgj_A0-B0,train
6wgj_C0-D0,train
6wgj_E0-F0,train
6wgj_G0-H0,train
6wgk_A0-B0,train
6wgk_C0-D0,train
6wgk_E0-F0,train
6wgk_G0-H0,train
6wgl_A0-B0,train
6wh9_B0-C0,train
6wh9_H0-I0,train
6wh9_E0-F0,train
7kfv_C0-D0,train
7kfv_F0-G0,train
7kfv_H0-L0,train
7kfw_C0-D0,unassigned
7kfw_F0-G0,unassigned
7kfw_H0-L0,unassigned
7kfy_H0-L0,test
7kfx_H0-L0,train
7kgv_D0-F0,train
7kgv_C0-E0,train
7ki4_H0-L0,train
7ki4_D0-C0,train
7ki4_G0-F0,train
7ki6_D0-C0,train
7ki6_H0-L0,train
7ki6_G0-F0,train
7kkz_H0-L0,train
7klg_H0-L0,train
7klg_I0-M0,train
7klh_H0-L0,train
7klh_I0-M0,train
4r7d_A0-B0,train
4r7d_C0-D0,train
4r7d_E0-F0,train
4r7d_G0-H0,train
4r7d_I0-J0,train
4r7d_K0-L0,train
4r7d_M0-N0,train
4r7d_O0-P0,train
7k23_H20-L20,train
7k23_H30-L30,train
7k23_H40-L40,train
7k23_H50-L50,train
7k23_H60-L60,train
7k22_H10-L10,train
7k22_H20-L20,train
7k22_H30-L30,train
7k22_H40-L40,train
7k22_H50-L50,train
7lop_H0-L0,train
7lop_X0-Y0,train
7lq7_C0-D0,train
7lq7_F0-G0,train
7lq7_H0-L0,train
7lqv_W0-X0,train
7lqv_H0-L0,train
7lqv_Y0-Z0,train
8dlr_H0-L0,train
7lr3_A0-B0,train
7lr3_H0-L0,train
7lr4_A0-B0,train
7lr4_H0-L0,train
7ls9_H0-L0,train
7ls9_D0-F0,train
7ls9_E0-G0,train
7lse_H0-L0,train
7lsf_H0-L0,train
7lsg_H0-L0,train
7lsi_B0-D0,train
7lsi_A0-C0,train
7luc_J0-K0,train
7luc_L0-M0,train
7luc_N0-O0,train
7luc_D0-E0,train
7luc_F0-G0,train
7luc_H0-I0,train
7lud_H0-L0,train
7lud_A0-B0,train
7lue_H0-L0,train
7lue_I0-M0,train
7lue_J0-N0,train
7lxw_H0-L0,train
7lxy_H0-L0,train
7lxy_G0-I0,train
7lxy_N0-O0,train
7lxx_H0-L0,train
7lxz_H0-J0,train
7lxz_G0-I0,train
7lxz_N0-O0,train
7ly0_H0-L0,train
7ly2_H0-L0,train
7ly2_G0-I0,train
7ly2_N0-O0,train
7ly3_D0-C0,train
7ly3_F0-E0,train
6j11_H0-L0,train
6j11_D0-E0,train
6j11_F0-G0,train
6j14_A0-B0,train
6j6y_E0-F0,train
6j6y_B0-C0,train
6x1v_H0-L0,train
7dr4_H0-L0,train
7dr4_A0-B0,train
7dr4_C0-D0,train
7dr4_E0-F0,train
7eam_C0-D0,train
7eam_H0-L0,train
6arp_B0-A0,valid
6arp_D0-C0,unassigned
6aru_C0-B0,unassigned
7bel_H0-L0,train
7bel_E0-F0,train
7bem_H0-L0,unassigned
7neg_H0-L0,unassigned
7neh_H0-L0,test
7bep_A0-B0,train
7bep_D0-F0,train
7nd8_H0-L0,train
7bg1_H0-L0,train
7bh8_E0-F0,train
7bh8_G0-H0,train
7bm5_K0-J0,train
7bm5_H0-L0,train
7bm5_B0-A0,train
7bm5_D0-C0,train
7bm5_F0-E0,train
7bm5_I0-G0,train
7bxa_B0-C0,train
7bxa_H0-L0,train
7cgw_A0-B0,train
7cgw_H0-L0,train
7c01_C0-D0,train
7c01_H0-L0,train
7c2l_H0-L0,train
7c2l_I0-M0,train
7c2l_J0-N0,train
8dls_H0-L0,train
8dm3_H0-L0,train
8dm3_M0-N0,train
8dm3_P0-Q0,train
8dm4_H0-L0,train
7cdj_H0-L0,train
7ce2_Z0-B0,valid
7cea_A0-B0,train
7l7e_A0-B0,train
7l7e_H0-L0,train
7l7e_I0-J0,train
7l7e_T0-U0,train
7l7d_H0-L0,train
7l7e_C0-D0,train
7l7e_E0-F0,train
7l7e_O0-P0,train
7l7e_M0-N0,train
6p9h_H0-L0,train
6p9h_C0-D0,train
6p9i_C0-D0,train
6p9i_A0-B0,train
6p9j_A0-B0,train
6p9j_H0-L0,train
6pbv_D0-C0,train
6pbv_B0-A0,train
6pbw_D0-C0,train
6oz9_H0-L0,train
6pcu_B1-B0,train
6pcu_E1-E0,train
6pcu_H1-H0,train
6pdr_H0-L0,train
6pds_H0-L0,train
6pds_B0-A0,train
6pdu_H0-L0,train
6pe7_H0-L0,valid
6pe8_H0-L0,unassigned
6pe8_A0-B0,unassigned
6pe9_C0-D0,train
6pe9_E0-F0,train
6pe9_H0-L0,train
6pe9_K0-M0,train
6pe9_A0-B0,train
6pec_H0-L0,train
1jhk_H0-L0,train
1jgl_H0-L0,train
1uwg_Y0-X0,train
1uwg_H0-L0,train
3umt_A0-A1,train
4hcr_M0-N0,train
4hcr_H0-L0,train
4xgz_O0-P0,train
4xgz_W0-X0,train
4xgz_A0-B0,train
4xgz_C0-D0,train
4xgz_E0-F0,train
4xgz_G0-I0,train
4xgz_J0-K0,train
4xgz_H0-L0,train
4xgz_M0-N0,train
4xgz_Q0-R0,train
4xgz_S0-T0,train
4xgz_U0-V0,train
4xh2_A0-B0,train
4xh2_C0-D0,train
4xh2_E0-F0,train
4xh2_J0-K0,train
4xh2_G0-I0,train
4xh2_H0-L0,train
4xhj_H0-G0,train
4xhj_D0-C0,train
4xmk_H0-L0,train
4xmk_I0-M0,train
4xmk_J0-N0,train
4xml_H0-L0,train
4xmp_H0-L0,train
4xnm_H0-L0,unassigned
4xnm_B0-A0,unassigned
4xnq_B0-A0,valid
4xnq_H0-L0,unassigned
4xrc_B0-A0,unassigned
4xrc_H0-L0,unassigned
4gsd_H0-L0,unassigned
7d6i_B0-C0,train
7vzt_B0-C0,train
7d85_E0-F0,train
7d85_B0-C0,train
7dc8_E0-D0,train
7dc8_B0-A0,train
7det_D0-D1,train
7det_B0-B1,train
7deu_B0-B1,train
7kq7_H0-L0,train
7kqb_H0-L0,train
7kqb_K0-J0,train
7m71_H0-L0,train
7ld1_M0-N0,train
7ld1_P0-O0,train
5e8e_B0-A0,test
5eu7_F0-D0,train
5eu7_E0-C0,train
6amj_H0-L0,train
6amj_B0-A0,train
6amm_H0-L0,train
6anp_H0-L0,train
6anp_B0-A0,train
6and_H0-L0,train
6ani_H0-L0,train
6ani_I0-M0,train
6aod_B0-A0,train
6apb_H0-L0,train
6apc_H0-L0,train
6aq7_H0-L0,train
6axl_A0-B0,train
6axl_D0-C0,train
6azm_D0-C0,train
6azm_B0-A0,train
6azz_C0-B0,train
6azz_F0-E0,train
6b0a_H0-L0,train
6b0g_D0-C0,train
6b0h_D0-C0,train
6b0h_B0-A0,train
3x3f_H0-L0,valid
3x3g_H0-L0,unassigned
5wn9_H0-H1,test
6mpg_W0-B0,train
6mpg_30-40,train
6mpg_X0-Y0,train
7s3n_H0-L0,train
7s3m_H0-L0,train
7s4g_A0-B0,unassigned
7s4g_C0-D0,unassigned
7s4g_E0-F0,unassigned
7s4g_H0-L0,test
7s5p_H0-L0,train
2cju_H0-L0,train
4hpy_H0-L0,train
4hqq_H0-L0,train
4hpo_H0-L0,train
4lsu_H0-L0,train
4qhk_M0-N0,train
4qhk_I0-J0,train
4qhk_O0-P0,train
4qhk_K0-L0,train
4qhm_E0-F0,train
4qhm_A0-B0,train
4qhm_C0-D0,train
4qhm_G0-H0,train
5i8k_H0-L0,train
5ibl_H0-L0,train
5ibl_C0-D0,train
5yup_H0-L0,train
6avn_H0-L0,train
6b0n_D0-E0,train
6vgr_C0-D0,train
6vgr_H0-L0,train
6vi1_E0-D0,train
6vi1_B0-A0,train
6vi1_F0-C0,train
6vi1_H0-G0,train
6vi1_J0-I0,train
6vi1_L0-K0,train
6vi2_B0-A0,train
6vi2_D0-C0,train
6xmi_B0-A0,train
6xmi_E0-D0,train
6vjn_H0-L0,valid
6vjt_H0-L0,test
7mep_I0-G0,train
7mep_M0-J0,train
7mep_N0-K0,train
7lg6_C0-D0,train
7lg6_J0-M0,train
7lg6_K0-N0,train
6vl8_A0-B0,train
6vl8_C0-D0,train
6vl8_E0-F0,train
6vl8_H0-L0,train
6vl9_H0-L0,train
6vl9_A0-B0,train
7f0x_B0-B1,train
7f12_B0-B1,train
7k7i_H0-L0,train
7k7i_J0-K0,train
7k7i_M0-N0,train
7k7i_P0-Q0,train
7k7i_X0-Y0,train
6flc_H0-L0,train
6flc_B0-A0,train
6osh_H0-L0,train
6osv_H0-L0,train
6otc_H0-L0,train
6ous_S0-T0,train
6ous_M0-N0,train
6ous_O0-P0,train
6ous_Q0-R0,train
6ous_U0-V0,train
6ous_W0-X0,train
6oy4_D0-C0,train
6oz3_H0-L0,train
6p3b_H0-L0,train
6p3r_A0-B0,train
6p3r_C0-D0,train
6xcj_H0-L0,train
1nj9_B0-A0,train
1nj9_H0-L0,train
6xlz_H0-L0,train
6xoc_A0-B0,train
6xp6_J0-I0,train
6xp6_H0-G0,train
6xpx_B0-C0,train
6xpz_E0-F0,train
6xpz_B0-C0,train
6xq0_E0-F0,train
6xq0_B0-C0,train
6xq2_F0-E0,train
6xq2_C0-B0,train
5bq7_A0-B0,train
5jo5_H0-L0,train
5jr1_H0-L0,train
5jo5_A0-B0,train
5jo5_C0-D0,train
5jo5_E0-F0,train
5jof_E0-F0,train
5jof_H0-L0,train
5jof_A0-B0,train
5jof_C0-D0,train
6bit_I0-K0,train
6bit_J0-L0,train
6fy3_H0-L0,train
6fy3_X0-Y0,train
6ln2_C0-B0,train
6w16_H0-L0,train
8b9v_H0-L0,valid
8bg3_C0-C1,train
8bg3_A0-A1,train
8pg0_H0-L0,train
1uwe_H0-L0,train
1uwe_V0-U0,train
1uwe_Y0-X0,train
2d03_H0-L0,train
1t2q_H0-L0,train
2vxv_H0-L0,valid
4hjj_H1-L1,unassigned
4amk_H0-L0,train
4at6_G0-I0,train
4at6_J0-K0,train
4qww_F0-E0,train
4qww_D0-C0,train
4ocx_H0-L0,train
4ocy_H0-L0,train
5i1c_H0-L0,valid
5i1d_B0-A0,train
5i1d_H0-L0,train
5i1e_H0-L0,train
7upd_B0-E0,train
7upd_C0-F0,train
7upd_H0-L0,train
7y71_O0-P0,train
7yds_B0-C0,train
8a44_C0-D0,train
8b50_H0-L0,train
1mcp_H0-L0,train
2mcp_H0-L0,train
3v7a_E0-H0,train
3v7a_F0-G0,train
5veb_H0-L0,train
5veb_A0-B0,train
6n5b_H0-L0,train
6n5d_C0-D0,train
6n5d_E0-F0,train
6n5d_L0-N0,train
5yy5_C0-D0,train
5yy5_H0-L0,train
5zmj_H0-L0,train
4eow_H0-L0,train
5wtg_B0-A0,train
5wtg_D0-C0,train
5zv3_H0-L0,train
6gk8_H0-L0,train
6a76_H0-L0,train
6a77_H0-L0,train
6a78_H0-L0,train
6a78_I0-M0,train
6aj9_D0-E0,train
6aj9_H0-L0,train
5h2b_A0-B0,train
5waw_H0-L0,train
5wb9_H0-L0,train
5wca_H0-L0,train
5wcc_A0-B0,train
5wcc_H0-L0,train
5wcd_H0-L0,train
5whj_H0-L0,train
5whk_H0-L0,train
5wi9_F0-E0,train
5wi9_H0-L0,train
5wk2_H0-L0,train
5wk3_S0-R0,train
5wk3_U0-T0,train
5wk3_Q0-P0,train
5wk3_W0-V0,train
5wko_A0-B0,train
5wko_C0-D0,train
5wko_E0-F0,train
5wko_K0-L0,train
5wko_G0-H0,train
5wko_I0-J0,train
5wkz_H0-L0,train
5wl2_A0-B0,train
5wl2_H0-L0,train
5wna_H0-L0,train
5wna_C0-D0,train
5wnb_H0-L0,train
5wnb_I0-M0,train
5wtt_A0-B0,train
5wtt_H0-L0,train
5wuv_H0-L0,train
5wux_A0-B0,train
5wux_C0-D0,train
5wux_H0-L0,train
5x0t_A0-B0,train
5x0t_C0-D0,train
5x4g_A0-B0,train
6nha_H0-L0,train
6nis_H0-L0,train
6nmr_H0-L0,train
6nmr_J0-K0,train
6nmr_A0-B0,train
6nmr_F0-G0,train
6nms_B0-A0,train
6nms_H0-L0,train
6nmt_B0-A0,train
6nmu_B0-A0,train
6nmu_H0-L0,train
6nmv_H0-L0,train
6nn3_H0-L0,train
6wit_H0-L0,train
6wit_A0-B0,train
7u2e_H0-L0,train
7uvh_D0-E0,train
7uvh_A0-B0,train
4npy_B0-A0,train
4npy_H0-L0,train
4q2z_A0-B0,train
4q2z_H0-L0,train
5ies_H0-L0,train
5if0_A0-B0,train
5if0_H0-L0,train
5ifa_H0-L0,train
5ifh_H0-L0,train
6bck_H0-L0,train
6be2_H0-L0,train
6be3_H0-L0,train
6be4_H0-L0,train
6vrt_H0-L0,train
3i9g_H0-L0,train
6vry_H0-L0,train
6vvu_E0-F0,train
6vvu_H0-L0,train
6vvu_J0-K0,train
6vvu_G0-I0,train
6vx4_H0-K0,train
6vy4_H0-L0,train
6vy4_C0-D0,train
6vy5_H0-L0,train
6vy6_H0-L0,train
3ncy_P0-S0,train
3ncy_Q0-W0,train
3ngb_H0-L0,train
3ngb_B0-C0,train
3ngb_E0-F0,train
3ngb_J0-K0,train
5kzc_H0-L0,train
5kzc_B0-D0,train
5kzc_E0-G0,train
4lss_H0-L0,train
5fyj_U1-V0,train
5fyk_U1-V0,train
4lst_H0-L0,train
6vlw_H0-L0,train
6nnf_U0-V0,train
6vi0_H0-L0,train
6vi0_K0-J0,train
6vi0_E0-D0,train
7xq8_v0-R0,train
7xq8_C0-L0,train
3nid_E0-F0,train
3nid_H0-L0,train
3nif_E0-F0,train
3nif_H0-L0,train
3nig_E0-F0,train
3nig_H0-L0,train
2vc2_H0-L0,train
3t3p_E0-F0,train
3t3p_H0-L0,train
3zdx_E0-F0,train
3zdx_H0-L0,train
3zdy_E0-F0,train
3zdy_H0-L0,train
3ze1_E0-F0,train
3ze1_H0-L0,train
3ze2_E0-F0,train
3ze2_H0-L0,train
3zdz_H0-L0,train
3zdz_E0-F0,train
4z7n_E0-F0,train
4z7n_H0-L0,train
4z7o_E0-F0,train
4z7o_H0-L0,train
4z7q_E0-F0,train
4z7q_H0-L0,train
3ze0_E0-F0,train
3ze0_H0-L0,train
7tmz_E0-F0,train
7tmz_H0-L0,train
3t3m_E0-F0,train
3t3m_H0-L0,train
7ubr_E0-F0,train
7ubr_H0-L0,train
7ujk_E0-F0,train
7ujk_H0-L0,train
7ukt_E0-F0,train
7ukt_H0-L0,train
2vdk_H0-L0,train
7l8p_E0-F0,train
7l8p_H0-L0,train
7ue0_E0-F0,train
7ue0_H0-L0,train
7uk9_H0-L0,train
7uk9_E0-F0,train
7td8_E0-F0,train
7td8_H0-L0,train
7tct_E0-F0,train
7tct_H0-L0,train
7uko_E0-F0,train
7uko_H0-L0,train
7ukp_H0-L0,train
7ukp_E0-F0,train
2vdm_H0-L0,train
2vdn_H0-L0,train
7uje_E0-F0,train
7uje_H0-L0,train
7u60_E0-F0,train
7u60_H0-L0,train
5hdb_E0-F0,train
5hdb_H0-L0,train
7ucy_E0-F0,train
7ucy_H0-L0,train
7udh_E0-F0,train
7udh_H0-L0,train
7ufh_E0-F0,train
7ufh_H0-L0,train
2vdl_H0-L0,train
2vdo_H0-L0,train
2vdp_H0-L0,train
2vdq_H0-L0,train
2vdr_H0-L0,train
7tpd_E0-F0,train
7tpd_H0-L0,train
7tho_E0-F0,train
7tho_H0-L0,train
7u9v_E0-F0,train
7u9v_H0-L0,train
7udg_E0-F0,train
7udg_H0-L0,train
7uh8_E0-F0,train
7uh8_H0-L0,train
3ntc_H0-L0,train
3nz8_H0-L0,train
3nz8_A0-B0,train
3nzh_H0-L0,train
3o0r_H0-L0,train
5gux_H0-L0,train
3wfe_H0-L0,train
3wfb_H0-L0,train
3wfc_H0-L0,train
3wfd_H0-L0,train
3o11_B0-A0,train
3o11_H0-L0,train
3mcl_H0-L0,train
5w3p_H0-L0,train
3o2d_H0-L0,train
3o2v_H0-L0,train
3o2w_H0-L0,train
3o41_H0-L0,train
3o41_A0-B0,train
3o45_H0-L0,train
3o45_A0-B0,train
6ywc_A0-B0,train
6ywc_D0-E0,train
3qq9_H0-L0,train
3qq9_D0-C0,train
3qrg_H0-L0,train
6vtw_H0-L0,train
3o6k_H0-L0,train
3o6l_H0-L0,train
3o6m_H0-L0,train
3oay_M0-K0,train
3oay_H0-L0,train
3oaz_H0-L0,train
3oaz_M0-K0,train
3ob0_H0-L0,train
3ob0_M0-K0,train
2oqj_B0-A0,train
2oqj_E0-D0,train
2oqj_H0-G0,train
2oqj_K0-J0,train
6cxg_M0-K0,train
6cxg_H0-L0,train
3oau_H0-L0,train
6msy_H0-L0,train
6mu3_H0-L0,train
6mu3_M0-K0,train
6mub_H0-L0,train
6mub_M0-K0,train
7l06_D0-F0,train
7l06_G0-E0,train
7l06_H0-L0,train
7l06_M0-K0,train
7l09_H0-L0,train
7l09_M0-K0,train
7l02_H0-L0,train
7l02_M0-K0,train
6mnf_H0-L0,train
6mnf_M0-K0,train
4rbp_H0-L0,train
4rbp_M0-K0,train
6n2x_H0-L0,train
6n2x_M0-K0,train
6n32_H0-L0,train
6n32_K0-M0,train
6n35_H0-L0,train
6n35_M0-K0,train
4oii_H0-L0,train
4oii_I0-M0,train
6jwc_H0-L0,train
8dgu_H0-L0,train
1qlr_B0-A0,train
1qlr_D0-C0,train
1dn0_B0-A0,train
1dn0_D0-C0,train
2r2b_B0-A0,unassigned
3okd_B0-A0,unassigned
3oke_B0-A0,unassigned
3okk_B0-A0,unassigned
3okn_B0-A0,unassigned
3oko_B0-A0,unassigned
3t4y_B0-A0,unassigned
3t65_B0-A0,unassigned
3t77_B0-A0,unassigned
3sy0_B0-A0,unassigned
3bpc_B0-A0,unassigned
4hgw_B0-A0,unassigned
2r1y_B0-A0,unassigned
2r1w_B0-A0,unassigned
2r1x_B0-A0,unassigned
2r23_B0-A0,unassigned
2r2e_B0-A0,unassigned
2r2h_B0-A0,unassigned
7t0f_H0-L0,unassigned
7t0g_H0-L0,unassigned
7t0h_H0-L0,unassigned
7t0i_H0-L0,unassigned
7t0i_B0-A0,unassigned
7t0i_D0-C0,test
7t0i_F0-E0,unassigned
7t0j_H0-L0,test
7t0j_B0-A0,unassigned
7t0j_D0-C0,unassigned
7t0j_F0-E0,unassigned
7t0k_H0-L0,unassigned
7t0k_B0-A0,unassigned
7t0k_D0-C0,unassigned
7t0k_F0-E0,unassigned
1q9l_B0-A0,unassigned
1q9l_D0-C0,unassigned
3l5x_H0-L0,train
3l7e_H0-L0,train
3l7e_B0-A0,train
3l7f_H0-L0,train
3l7f_B0-A0,train
3l7f_E0-D0,train
3l5w_H0-L0,train
3l5w_B0-A0,train
3l95_H0-L0,train
3l95_B0-A0,train
3lex_A0-B0,train
3lex_H0-L0,train
3ley_H0-L0,train
3liz_H0-L0,train
3lmj_H0-L0,test
3lqa_H0-L0,unassigned
3ls5_H0-L0,train
3ls4_H0-L0,train
3lzf_H0-L0,train
3qhz_H0-L0,train
3qhz_I0-M0,train
3mbx_H0-L0,train
3mck_B0-A0,train
3mck_H0-L0,train
3mlr_H0-L0,train
3mls_H0-L0,train
3mls_J0-N0,train
3mls_K0-O0,train
3mls_I0-M0,train
3mlt_B0-A0,train
3mlt_E0-D0,train
3mlt_I0-G0,train
3mlt_H0-L0,train
3mlu_H0-L0,train
3mlv_H0-L0,train
3mlv_N0-M0,train
3mlw_I0-M0,train
3mlw_H0-L0,train
3mlx_I0-M0,valid
3mlx_H0-L0,unassigned
3mly_H0-L0,unassigned
3mly_I0-M0,unassigned
3mlz_H0-L0,unassigned
5n4j_H0-L0,train
2nr6_F0-E0,train
2nr6_D0-C0,train
2ntf_H0-L0,train
2ntf_B0-A0,train
2op4_H0-L0,train
2ny7_H0-L0,unassigned
3ru8_H0-L0,valid
1hzh_H0-L0,unassigned
1hzh_K0-M0,unassigned
1n0x_H0-L0,unassigned
1n0x_K0-M0,unassigned
2nyy_D0-C0,train
2o5x_H0-L0,train
2o5y_H0-L0,train
2o5z_H0-L0,train
1c1e_H0-L0,train
2ok0_H0-L0,train
2ojz_H0-L0,train
2ojz_I0-M0,train
2or9_H0-L0,train
2or9_I0-M0,train
2orb_H0-L0,train
2orb_I0-M0,train
2oz4_H0-L0,train
2pcp_D0-C0,train
2pcp_B0-A0,train
2q76_D0-C0,train
2q76_B0-A0,train
8eb2_J0-L0,train
8eb2_K0-M0,train
8eb2_N0-O0,train
2x7l_A0-B0,train
2x7l_C0-D0,train
2x7l_E0-F0,train
2x7l_G0-I0,train
2x7l_H0-L0,train
2x7l_J0-K0,train
5dhy_A0-B0,train
5dhy_H0-L0,train
5dhv_H0-L0,train
5dhv_A0-B0,train
6cf2_A0-B0,train
5dhx_L1-L0,train
5dhx_B1-B0,train
2xa8_H0-L0,train
6tcm_H0-L0,train
5hys_H0-L0,train
5hys_A0-B0,train
5hys_C0-D0,train
5hys_E0-F0,train
4x7s_H0-L0,train
4x7t_H0-L0,train
4x7t_A0-B0,train
6tcn_H0-L0,train
6tcn_B0-A0,train
6tco_H0-L0,train
6tco_B0-A0,train
6tcp_H0-L0,train
6tcp_B0-A0,train
6tcp_D0-C0,train
6tcp_F0-E0,train
6tcq_H0-L0,train
6tcr_H0-L0,train
6tcs_A1-A0,train
7shy_I0-J0,train
7shy_K0-L0,train
7shy_C0-D0,train
7shy_E0-F0,train
7si0_E0-F0,train
7si0_I0-J0,train
7si0_C0-D0,train
7si0_K0-L0,train
2xkn_D0-C0,train
2xkn_B0-A0,train
2xqb_H0-L0,train
2xqy_J0-K0,train
2xqy_G0-L0,train
2xra_H0-L0,train
2xtj_D0-B0,train
2xza_H0-L0,valid
2xzc_H0-L0,unassigned
6y49_H0-L0,unassigned
3zl4_H0-L0,unassigned
5tjd_H0-L0,unassigned
5ado_H0-L0,unassigned
5adp_H0-L0,unassigned
6y1k_H0-L0,unassigned
6y1l_H0-L0,unassigned
6y1m_H0-L0,unassigned
2xzq_H0-L0,train
2y06_H0-L0,train
2y07_H0-L0,train
1a6u_H0-L0,train
1a6v_I0-M0,train
1a6v_J0-N0,train
1a6v_H0-L0,train
1a6w_H0-L0,train
2y36_H0-L0,train
1ngp_H0-L0,train
1ngq_H0-L0,train
2y5t_A0-B0,train
2vl5_A0-B0,train
2vl5_C0-D0,train
2y6s_H0-L0,train
2y6s_D0-C0,train
2ybr_A0-B0,unassigned
2ybr_D0-E0,unassigned
2ybr_G0-H0,unassigned
2yc1_A0-B0,valid
2yc1_D0-E0,unassigned
4v1d_A0-B0,train
2ykl_H0-L0,train
2yk1_H0-L0,train
2z91_C0-D0,train
2z91_A0-B0,train
2z92_A0-B0,train
2z93_C0-D0,train
3cfd_B0-A0,train
3cfd_H0-L0,train
4z0x_B0-A0,train
7qqb_H0-L1,train
8fa8_H0-L0,train
8fa7_H0-L0,train
8fb5_A0-B0,train
8fb5_C0-D0,train
8fb5_E0-F0,train
8fb5_G0-H0,train
8fa9_H0-L0,train
8fb6_A0-B0,train
8fb8_H0-L0,train
8fb7_A0-B0,train
8fb7_H0-L0,train
8fa6_H0-L0,train
8fa6_A0-B0,train
8fdd_A0-B0,train
15c8_H0-L0,train
25c8_H0-L0,train
35c8_H0-L0,train
1a0q_H0-L0,train
1a14_H0-L0,train
1nma_H0-L0,train
1nmb_H0-L0,train
1nmc_H0-L0,train
1nmc_B0-C0,train
1a2y_B0-A0,train
1a7n_H0-L0,train
1a7o_H0-L0,train
1a7p_H0-L0,train
1a7q_H0-L0,train
1a7r_H0-L0,train
1vfa_B0-A0,train
1vfb_B0-A0,train
1kir_B0-A0,train
1bvk_B0-A0,train
1bvk_E0-D0,train
1bvl_A0-B0,train
1bvl_C0-D0,train
1kip_B0-A0,train
1kiq_B0-A0,train
1dvf_B0-A0,train
1g7h_B0-A0,train
1cic_D0-C0,train
1g7j_B0-A0,train
1g7l_B0-A0,train
1g7m_B0-A0,train
1fdl_H0-L0,train
1g7i_B0-A0,train
1a4j_B0-A0,train
1a4j_H0-L0,train
1a4k_H0-L0,train
1a4k_B0-A0,train
1a5f_H0-L0,train
1a6t_D0-C0,train
1a6t_B0-A0,train
1ad0_B0-A0,train
1ad0_D0-C0,train
1clo_H0-L0,train
1ad9_H0-L0,train
1ad9_B0-A0,train
1ae6_H0-L0,train
1adq_H0-L0,train
1ai1_H0-L0,train
1acy_H0-L0,train
1aif_H0-L0,train
1aif_B0-A0,train
1iai_I0-M0,train
1ap2_B0-A0,train
1ap2_D0-C0,train
2ap2_A1-A0,train
2ap2_C1-C0,train
1mvu_B0-A0,train
1aqk_H0-L0,valid
1axs_H0-L0,train
1axs_B0-A0,train
1d5b_B0-A0,train
1d5b_H0-L0,train
1axt_H0-L0,train
3fo9_H0-L0,train
3fo9_B0-A0,train
1b2w_H0-L0,unassigned
1b4j_H0-L0,unassigned
1t04_B0-A0,unassigned
1t04_D0-C0,unassigned
1t3f_B0-A0,test
1baf_H0-L0,train
1bbd_H0-L0,train
1a3r_H0-L0,train
1bbj_B0-A0,train
1bbj_H0-L0,train
1fn4_B0-A0,train
1fn4_D0-C0,train
1for_H0-L0,train
7qf0_H0-L0,test
7qf1_E0-D0,train
7qf1_C0-B0,train
7u61_H0-L0,train
5xku_C0-B0,train
7ua8_I0-I1,train
7ua8_H0-H1,train
7uqc_B0-A0,train
7uqc_H0-G0,train
7uqc_J0-I0,train
7uqc_E0-D0,train
7k7r_B0-A0,train
7k7r_E0-D0,train
7pi2_B0-C0,train
7pi2_E0-F0,train
7pi2_H0-I0,train
7pi2_K0-L0,train
7pi3_B0-C0,train
7pi3_I0-J0,train
7pi3_P0-Q0,train
7pi3_W0-X0,train
8cde_D0-C0,train
8dcn_D0-E0,train
8dcn_A0-B0,train
8ez8_H0-L0,train
8fxb_H0-L0,train
8fxc_H0-L0,train
8s9g_H0-L0,train
8hws_I0-J0,train
7xsw_H0-L0,train
7xsw_A0-B0,train
7xck_A0-B0,train
7xco_M0-N0,train
7xco_H0-L0,train
7xco_O0-P0,train
7r6w_A0-B0,train
7sob_G0-I0,train
7sob_H0-J0,train
7sob_N0-O0,train
7soc_H0-L0,train
7bep_H0-L0,train
7bep_G0-I0,train
8df5_A0-B0,train
8df5_C0-D0,train
6wps_H0-L0,train
6wps_C0-D0,train
6wps_F0-G0,train
6ws6_A0-B0,train
6ws6_E0-F0,train
6ws6_C0-D0,train
7tly_A0-B0,train
7tm0_L0-M0,train
7tm0_J0-K0,train
7tm0_N0-O0,train
7tn0_B0-A0,train
7tn0_C0-D0,train
7yad_A0-B0,train
7yad_C0-D0,train
7l0n_A0-B0,train
7l0n_C0-D0,train
7jx3_A0-B0,train
8hes_H0-L0,train
8hgl_H0-L0,train
8hgl_C0-D0,train
8hgl_F0-G0,train
8hgm_C0-D0,train
7ljb_E0-D0,train
7ljb_G0-F0,train
4wfe_E0-D0,train
4wfe_G0-F0,train
4wff_E0-D0,train
4wff_G0-F0,train
4wfg_E0-D0,train
4wfg_G0-F0,train
4wfh_E0-D0,train
4wfh_G0-F0,train
4i9w_E0-D0,train
4i9w_G0-F0,train
7lj4_E0-D0,train
7lj4_G0-F0,train
7lj5_E0-D0,train
7lj5_G0-F0,train
7tz5_H0-N0,train
7tz5_I0-L0,train
7tz5_J0-M0,train
7tzh_A0-A1,train
7tzh_C0-C1,train
1ifh_H0-L0,train
1hil_B0-A0,train
1hil_D0-C0,train
1him_L0-H0,train
1him_M0-J0,train
1hin_H0-L0,train
1igf_H0-L0,train
1igf_J0-M0,train
2igf_H0-L0,train
1igi_H0-L0,train
1igj_D0-C0,train
1igj_B0-A0,train
1igm_H0-L0,train
1igt_D0-C0,train
1igt_B0-A0,train
1ikf_H0-L0,train
1il1_A0-B0,train
1ine_H0-L0,train
1ind_H0-L0,train
1iqd_B0-A0,valid
1sm3_H0-L0,train
5owp_H0-H1,train
8axh_H0-H1,train
5n7b_H0-H1,train
6tgg_H0-H1,train
6fzq_H0-H1,train
6fzr_H0-H1,train
5a2i_H0-H1,train
5a2j_H0-H1,train
5a2k_H0-H1,train
5a2l_H0-H1,train
1svz_A1-A0,train
1svz_B1-B0,train
1cl7_H0-L0,train
1n4x_H0-L0,train
1sy6_H0-L0,train
1t4k_B0-A0,train
1t4k_D0-C0,train
1tpx_B0-C0,train
1tqc_B0-C0,train
1tqb_B0-C0,train
1tzh_H0-L0,train
1tzh_B0-A0,train
1tzi_B0-A0,train
3bn9_F0-E0,valid
3bn9_D0-C0,unassigned
3wii_H0-L0,train
3wii_I0-M0,train
3wih_H0-L0,train
3wih_I0-M0,train
3wlw_C0-D0,train
3wlw_H0-L0,train
5f9o_H0-L0,train
5f9w_H0-L0,train
5f9w_B0-C0,train
5fb8_B0-A0,train
5fcs_L1-H0,train
5fcs_H1-L0,train
5feh_B0-A0,train
5feh_D0-C0,train
5feh_F0-E0,train
1kno_B0-A0,train
1kno_D0-C0,train
1kno_F0-E0,train
2gfb_B0-A0,train
2gfb_D0-C0,train
2gfb_H0-G0,train
2gfb_J0-I0,train
2gfb_N0-M0,train
2gfb_P0-O0,train
2gfb_F0-E0,train
2gfb_L0-K0,train
1s5i_H0-L0,train
7yzj_H0-L0,train
1f8t_H0-L0,train
1f90_H0-L0,train
2aj3_B0-A0,train
2aj3_D0-C0,train
2aj3_F0-E0,train
2ajs_H0-L0,train
2aju_H0-L0,train
2ajv_H0-L0,train
2ajx_H0-L0,train
2ajy_H0-L0,train
2ajz_B0-A0,train
2ajz_H0-L0,train
2ak1_H0-L0,train
6zqk_B0-A2,train
6zqk_D0-C2,train
2gjj_A1-A0,train
2gjj_B1-B0,train
3h3b_C1-C0,train
3h3b_D1-D0,train
6ztd_H0-L0,train
6ztf_A0-B0,valid
6ztf_H0-L0,unassigned
6ztr_A0-B0,unassigned
6ztr_H0-L0,unassigned
6zvf_H0-L0,train
8dy4_A0-A1,unassigned
5hhv_H0-L0,train
8dy1_C1-C0,unassigned
8dy1_D1-D0,unassigned
8dy5_A1-A0,valid
8dy5_B1-B0,unassigned
2vxs_H0-L0,train
2vxs_I0-M0,train
2vxs_J0-N0,train
2vxs_K0-O0,train
6t9e_AAA0-BBB0,train
6t9e_HHH0-LLL0,train
6t9d_AAA0-BBB0,train
6t9d_HHH0-LLL0,train
6vbp_J0-I0,train
6vbp_H0-L0,train
6vbp_A0-B0,train
6vbp_C0-D0,train
6vbq_A0-B0,train
6vbq_E0-F0,train
6vbq_H0-L0,train
6vbq_C0-D0,train
6vc9_H0-L0,train
7ej5_H0-L0,train
7ej5_I0-M0,train
7ej5_J0-N0,train
7f7e_C0-L0,train
7f9w_B0-C0,train
7fjc_H0-L0,train
7fci_H0-L0,train
7fjn_H0-L0,train
7fjn_I0-J0,train
7fjo_F0-G0,train
7fjo_H0-L0,train
7fjo_J0-K0,train
7fjs_H0-L0,train
7fjs_C0-A0,train
7jhg_H0-L0,train
7kql_H0-L0,train
7kr5_M0-N0,train
7kr5_O0-P0,train
7kr5_H0-L0,train
3uzv_B0-B1,train
3uzq_A0-A1,train
3uyp_A0-A1,train
3uze_A0-A1,train
3uze_B0-B1,train
4otx_I0-M0,train
4otx_H0-L0,train
4q0x_H0-L0,train
4qhl_A0-B0,train
4qhl_C0-D0,train
6vpy_A0-B0,train
6vpy_H0-L0,train
5ocy_H0-L0,unassigned
5od0_H0-L0,valid
5ocx_H0-L0,unassigned
5ock_H0-L0,unassigned
6zjg_HHH0-LLL0,train
5od8_A0-B0,train
5odb_A0-B0,train
5opy_H0-L0,train
5otj_H0-L0,unassigned
5otj_B0-A0,unassigned
8ojt_H0-L0,valid
8ojs_B0-A0,unassigned
8ojs_H0-L0,unassigned
8ojv_H0-L0,unassigned
8oju_H0-L0,unassigned
8q6k_H0-L0,unassigned
5sx4_J0-I0,train
5sx4_H0-L0,train
5sx5_J0-K0,train
5sx5_H0-L0,train
1ken_T0-U0,train
1ken_H0-L0,train
1z3g_H0-L0,train
1z3g_I0-M0,train
1za6_B0-A0,train
1za6_D0-C0,train
1za6_F0-E0,train
1za6_H0-G0,train
1zan_H0-L0,train
1ztx_H0-L0,train
2a77_H0-L0,train
2ai0_H0-L0,train
2ai0_I0-M0,train
2ai0_J0-N0,train
2ai0_K0-O0,train
2a1w_H0-L0,train
2a1w_I0-M0,train
2a9m_H0-L0,unassigned
2a9m_I0-M0,test
2a9n_H0-L0,train
2a9n_I0-M0,train
2aab_H0-L0,train
2adf_H0-L0,train
2adg_B0-A0,train
2adi_B0-A0,train
2adj_B0-A0,train
2aep_H0-L0,train
2aeq_H0-L0,train
3bqu_D0-C0,train
4al8_H0-L0,train
4ala_H0-L0,train
4am0_A0-B0,train
4am0_C0-D0,train
4am0_E0-F0,train
4am0_H0-L0,train
7ssc_H0-L0,train
7u64_A0-B0,train
7u64_C0-D0,train
7u64_E0-F0,train
7u64_G0-H0,train
7u64_I0-J0,train
7u64_K0-L0,train
7u64_M0-N0,train
7u64_O0-P0,train
7u64_Q0-R0,train
1i8m_H0-L0,train
1i8m_B0-A0,train
1xf2_H0-L0,train
1xf2_B0-A0,train
1xf3_B0-A0,train
1xf3_H0-L0,train
1xf4_H0-L0,train
1xf4_B0-A0,train
2fr4_H0-L0,train
2fr4_B0-A0,train
4lmq_H0-L0,train
4lmq_E0-I0,train
4ncc_H0-L0,train
4ncc_20-10,train
7l5j_Y0-X0,train
7l5j_W0-L0,train
5dk3_B0-A0,valid
5dk3_G0-F0,unassigned
5jxe_D0-C0,unassigned
5jxe_G0-F0,unassigned
5b8c_B0-A0,unassigned
5b8c_E0-D0,unassigned
5b8c_H0-G0,unassigned
5b8c_K0-J0,unassigned
5ggs_A0-B0,unassigned
5ggs_C0-D0,unassigned
5dlm_I0-M0,train
5dlm_H0-L0,train
5dmg_H0-L0,train
5dmg_C0-D0,train
5dmg_E0-F0,train
5dqd_H0-L0,train
5dqj_H0-L0,train
5dqj_A0-B0,train
5dr5_H0-L0,train
5drw_A0-B0,train
5drx_A0-B0,train
5drx_H0-L0,train
5drz_H0-L0,train
5drz_B0-A0,train
7n04_H0-L0,train
7n05_H0-L0,train
5dsc_A0-B0,train
5dsc_C0-D0,train
5dsc_E0-F0,train
5dsc_H0-L0,train
5dtf_A0-B0,train
5dtf_H0-L0,train
5dub_A0-B0,train
5dub_H0-L0,train
5ds8_A0-B0,train
5ds8_H0-L0,train
5dum_H0-L0,train
5dup_H0-L0,train
5dur_B0-D0,train
5dur_H0-L0,train
5dyo_H0-L0,train
5dyo_A0-B0,train
5e08_H0-L0,train
5e2t_H0-L0,train
5e2u_H0-L0,train
5e2v_H0-L0,train
5e2w_H0-L0,train
8eee_H0-L0,train
8eee_A0-B0,train
8ef0_H0-L0,train
8eh5_H0-L0,train
8eh5_M0-N0,train
8eh5_O0-P0,train
7rqp_A0-B0,train
7rqr_A0-B0,test
7rqr_H0-L0,unassigned
8eq6_H0-L0,train
8g3r_C0-B0,train
8g3q_C0-B0,train
8g3q_I0-D0,train
8g3q_A0-L0,train
8g3z_H0-L0,train
8g3z_E0-F0,train
8g3z_G0-I0,train
8g3z_J0-K0,train
8g40_A0-L0,train
8g40_B0-M0,train
8g40_C0-N0,train
8g30_E0-F0,train
8g30_H0-L0,train
8g30_G0-I0,train
8g30_J0-K0,train
8g3v_A0-L0,train
8g3v_B0-M0,train
8g3v_C0-N0,train
8g3v_D0-O0,train
8g4t_H0-L0,train
8g4t_D0-E0,train
8g4t_J0-K0,train
6x7w_H0-L0,train
6x7w_A0-C0,train
8gc0_H0-L0,train
8gho_A0-B0,train
8gho_H0-L0,train
8h7z_F0-I0,train
8h7l_D0-G0,train
8h7l_E0-H0,train
8h7l_F0-I0,train
8saw_C0-D0,train
8saw_H0-I0,train
8saw_M0-N0,train
5u15_A0-B0,train
5u15_H0-L0,train
8sb2_C0-D0,train
8sb2_H0-I0,train
8sb2_M0-N0,train
8tui_H0-L0,train
1qkz_H0-L0,train
4hbc_H0-L0,train
6pil_A0-A1,train
6pk8_A0-A1,train
6pk8_D0-D1,train
6pk8_B0-B1,train
6pk8_C0-C1,train
4hc1_M0-N0,train
4hc1_H0-L0,train
6a4k_H0-L0,unassigned
6a4k_I0-M0,unassigned
6a4k_J0-N0,unassigned
6a4k_K0-O0,unassigned
6jp7_H0-L0,valid
6igu_H0-L0,train
6a9k_H0-L0,train
6a9k_B0-A0,train
7bq5_C0-D0,train
7bq5_H0-L0,train
7f2s_A0-B0,train
7fcp_B0-D0,train
7fcq_H0-L0,train
7fcp_H0-L0,train
7v64_B0-A0,train
7v7k_B0-A0,train
7v3q_B0-A0,train
7v3q_D0-C0,train
7v4w_B0-A0,train
7vyr_A0-B0,unassigned
7vyr_H0-L0,test
7wn2_H0-L0,train
7wn2_B0-C0,train
8i5i_H0-L0,train
7wsl_H0-L0,test
8gy5_A0-B0,train
8gy5_H0-L0,train
7wvm_A0-B0,train
7wvm_C0-D0,train
8hws_D0-E0,train
8hwt_D0-E0,train
7xcp_H0-L0,train
8df5_H0-L0,train
8df5_M0-N0,train
7tn0_H0-G0,train
7tn0_M0-N0,train
7l0n_H0-L0,train
7l0n_M0-N0,train
7jx3_H0-L0,train
8r8d_H0-L0,train
8r8d_E0-I0,train
8t7f_C0-G0,train
8t7f_A0-B0,train
8t7f_D0-E0,train
8t7f_F0-H0,train
8t7f_I0-J0,train
8t7f_K0-L0,train
8t7g_A0-B0,train
8t7i_A0-B0,train
4hf5_H0-L0,train
4hfu_H0-L0,train
4hfw_B0-A0,train
4hfw_H0-L0,train
6ion_H0-L0,train
6j5d_H0-L0,train
6j5f_H0-L0,train
6j5g_H0-L0,train
7c4s_J0-K0,train
7c4s_H0-L0,train
7c88_A0-B0,train
7c88_H0-L0,train
7chy_H0-L0,train
7coe_B0-C0,train
7coe_H0-L0,train
7dpm_A0-B0,train
7dpm_D0-E0,train
7dpm_G0-H0,train
7dpm_J0-K0,train
7e5o_H0-L0,train
7sgm_H0-L0,train
7sgm_K0-M0,train
7sgm_X0-Y0,train
6w9g_H0-L0,train
6w9g_K0-M0,train
6w9g_X0-Y0,train
7sen_H0-L0,train
6w5a_H0-L0,train
6w4w_H0-L0,train
1i9r_H0-L0,train
1i9r_K0-M0,train
1i9r_X0-Y0,train
6bjz_H0-L0,train
7vmz_H0-L0,train
7wph_H0-L0,train
7wph_E0-D0,train
7xeg_C0-D0,train
7xeg_E0-F0,train
7xei_C0-D0,train
7xei_E0-F0,train
7xrz_H0-L0,train
7xrz_B0-A0,train
7c61_H0-L0,train
7c6a_H0-L0,train
7xy8_I0-M0,train
7xy8_H0-L0,train
7yck_C0-D0,train
7yck_E0-F0,train
7ycl_A0-B0,test
7ycl_H0-L0,unassigned
8dpl_F0-G0,train
8dpl_A0-B0,train
8dpl_K0-L0,train
8dpl_H0-H1,train
8dpl_C0-C1,train
8dpl_O0-O1,train
8dpm_H0-H1,train
8dpm_C0-C1,train
8dpm_M0-M1,train
6dg2_A0-B0,train
6dg2_C0-D0,train
8dpm_I0-J0,train
8dpm_D0-E0,train
8dpm_N0-O0,train
8dz3_H0-L0,train
8dz3_A0-B0,train
8dz3_C0-D0,train
8dz3_E0-F0,train
8dz3_M0-N0,train
8dz3_O0-P0,train
8dz3_Q0-R0,train
8f95_H0-L0,train
8f95_A0-B0,train
8f9e_H0-L0,train
8f9e_A0-B0,train
8f9f_H0-L0,train
8f9f_A0-B0,train
8f9s_H0-L0,train
8f9s_A0-B0,train
8f9t_A0-B0,train
8f9t_H0-L0,train
4wv1_E0-D0,train
4wv1_B0-A0,train
4xwg_H0-L0,train
5bv7_C0-B0,train
5v6l_I0-M0,train
5v6l_H0-L0,train
5v6m_H0-L0,train
5v7r_H0-L0,train
5v7u_H0-L0,valid
6h06_A0-B0,unassigned
6h06_H0-L0,unassigned
6h06_C0-D0,unassigned
6h06_E0-F0,unassigned
6h0e_H0-L0,valid
6h0e_E0-F0,unassigned
6h0e_A0-B0,unassigned
6h0e_C0-D0,unassigned
8gje_H0-L0,train
8gje_G0-J0,train
8gje_I0-K0,train
4jpv_H0-L0,train
7mxd_C0-D0,train
7mxd_J0-K0,train
7mxd_S0-U0,train
8c8t_R0-T0,train
8c8t_S0-U0,train
7pc2_K0-L0,train
7pc2_G0-H0,train
7pc2_I0-J0,train
4lsv_H0-L0,train
5vag_C0-B0,train
5vcn_F0-E0,train
5vcn_D0-C0,train
5vf6_A1-A0,train
5vgj_H0-L0,train
5ewi_H0-L0,train
8w83_A0-B0,unassigned
8w83_E0-F0,unassigned
8w83_I0-J0,unassigned
8w83_M0-N0,unassigned
8w84_A0-B0,valid
1jgv_H0-L0,train
1jgu_H0-L0,train
1jhl_H0-L0,train
1jn6_B0-A0,train
1jnh_B0-A0,train
1jnh_D0-C0,train
1jnh_F0-E0,train
1jnh_H0-G0,train
1jnn_H0-L0,train
1jnl_H0-L0,train
1t66_D0-C0,train
1t66_H0-L0,train
1wej_H0-L0,train
1qbl_H0-L0,train
1qbm_H0-L0,train
1wt5_A0-C0,train
2z4q_B0-A0,train
1wt5_B0-D0,train
1x9q_A1-A0,train
1xgp_B0-A0,train
1xgq_B0-A0,train
1xgr_B0-A0,train
1xgt_B0-A0,train
1xgu_B0-A0,train
1dqj_B0-A0,train
1dqm_H0-L0,train
1dqq_B0-A0,train
1dqq_D0-C0,train
1nby_B0-A0,train
1nbz_B0-A0,train
1xgy_I0-M0,train
1xgy_H0-L0,train
1xiw_H0-G0,train
1xiw_D0-C0,train
1y0l_H0-L0,train
1y0l_B0-A0,train
1y0l_D0-C0,train
1y0l_F0-E0,train
1y18_H0-L0,train
1y18_B0-A0,train
1y18_D0-C0,train
1y18_F0-E0,train
3cfj_H0-L0,train
3cfj_B0-A0,train
3cfj_D0-C0,train
3cfj_F0-E0,train
3cfk_H0-L0,train
3cfk_B0-A0,train
3cfk_D0-C0,train
3cfk_F0-E0,train
3cfk_I0-G0,train
3cfk_K0-J0,train
3cfk_N0-M0,train
3cfk_P0-O0,train
3zkm_C0-D0,train
3zkm_H0-L0,train
3zkn_C0-D0,train
3zkn_H0-L0,train
5fhb_H0-L0,test
5fha_H0-L0,train
1mam_H0-L0,train
3v6z_A0-B0,train
3v6z_C0-D0,train
3v6f_A0-B0,train
3v6f_C0-D0,train
3v6f_E0-F0,train
3v6f_H0-L0,train
4z0b_H0-L0,train
5gs0_X0-Y0,train
5gs0_H0-L0,train
5gru_L0-H1,train
7s6c_E0-G0,train
7s6c_H0-F0,train
7s6d_E0-G0,train
7s6d_D0-F0,train
7m7f_C0-D0,train
7m7f_E0-F0,train
6fla_A0-B0,train
6fla_H0-L0,train
6flb_H0-L0,train
6mqm_A0-B0,train
6mqm_D0-E0,train
6mqm_G0-H0,train
6mqm_J0-K0,train
6mqr_H0-L0,train
6mqs_A0-B0,train
6mqs_C0-D0,train
6mto_H0-L0,train
7uz9_H0-L0,train
7uz9_P0-Q0,train
7uz9_M0-N0,train
7uzc_E0-F0,train
7uzc_H0-L0,train
7uza_H0-L0,train
7v05_A0-a0,train
7v05_N0-n0,train
7v05_B0-b0,train
7v05_C0-c0,train
7v05_D0-d0,train
7v05_E0-e0,train
7v05_F0-f0,train
7v05_G0-g0,train
7v05_H0-h0,train
7v05_I0-i0,train
7v05_J0-j0,train
7v05_K0-k0,train
7v05_L0-l0,train
7v05_M0-m0,train
7uyl_H0-L0,train
7uym_H0-L0,train
7v23_Q0-R0,train
7v23_S0-T0,train
7v23_O0-P0,train
7v24_H0-L0,train
7e8c_H0-L0,train
7e8c_S0-U0,train
7e8c_T0-V0,train
7e8f_H0-L0,train
7v2a_E0-D0,train
7v2a_G0-F0,train
7v2a_I0-H0,train
7v3l_D0-E0,train
7v3l_F0-G0,train
7v3l_H0-I0,train
7zce_E0-E1,train
7zce_F0-F1,train
7zce_G0-G1,train
1dl7_H0-L0,train
1dqd_H0-L0,train
1dql_H0-L0,train
1dsf_H0-L0,train
1dvf_D0-C0,train
1ggi_H0-L0,train
1ggi_J0-M0,train
1ggb_H0-L0,train
1gig_H0-L0,train
2vir_B0-A0,train
2vis_B0-A0,train
2vit_B0-A0,train
1gpo_I0-M0,train
1gpo_H0-L0,train
6weq_E0-F0,train
6weq_G0-H0,train
6weq_I0-J0,train
6weq_K0-L0,train
7k93_G0-G1,train
7k93_I0-I1,train
7k93_K0-K1,train
7k93_E0-E1,train
6wkm_H0-L0,train
8fwh_HHH0-LLL0,train
7djz_A0-B0,train
7ket_A0-B0,train
7ke1_A0-B0,train
7ke1_C0-D0,train
7kkh_B0-A0,valid
7raq_H0-L0,test
7nab_H0-L0,unassigned
7nab_A0-B0,unassigned
7si2_G0-F0,train
7si2_H0-L0,train
7si2_E0-D0,train
7t86_H0-L0,train
7t86_B0-A0,train
7t86_D0-C0,train
7t86_F0-E0,train
7t87_H0-L0,train
7t8w_H0-L0,train
7ps2_H0-L0,train
7ps3_H0-L0,test
7ps4_B0-C0,test
7ps4_H0-L0,unassigned
7ps5_H0-L0,train
7ps6_H0-L0,test
7ps6_C0-D0,train
7q0i_H0-L0,train
7q0i_A0-B0,train
7q4q_D0-C0,test
7q4q_B0-A0,unassigned
7q6c_H0-L0,train
7qez_H0-L0,train
8f5n_H0-L0,train
2qad_D0-C0,train
2qad_H0-G0,train
1rzg_A0-B0,train
1rzg_C0-D0,train
2vwe_L0-J0,train
2vwe_E0-C0,train
6a3w_A0-B0,train
6a3w_D0-E0,train
6a3w_G0-H0,train
6a3w_J0-K0,train
6mi2_A0-B0,train
6mi2_D0-E0,train
6bzw_C0-D0,train
6bzw_A0-B0,train
6bzw_E0-F0,train
6bzw_G0-H0,train
6h3h_C0-D0,train
6h3h_A0-B0,train
6lcs_A0-B0,train
6was_A0-B0,train
6was_H0-L0,train
6wdt_H0-L0,train
6wo4_H0-L0,train
7f7h_C0-D0,train
7f7h_A0-B0,train
7k9z_H0-L0,train
7k9z_B0-A0,train
7x8t_C0-B0,train
7x8t_F0-E0,train
7x8t_I0-H0,train
7x8t_L0-K0,train
8bg4_C0-C1,train
8bg4_A0-A1,train
8bg5_A0-A1,train
8bg5_C0-C1,train
8fym_H0-L0,train
8fym_B0-A0,train
8fym_E0-D0,train
8fym_I0-G0,train
8fwf_H0-L0,train
8fzp_A0-B0,train
8g19_H0-L0,train
8g1c_C0-D0,valid
8g1c_A0-B0,unassigned
5b3j_H0-L0,train
5b3j_E0-F0,train
5b4m_C0-D0,train
5b4m_H0-L0,train
5b6f_B0-A0,train
5b6f_D0-C0,train
5b6f_F0-E0,train
5b6f_H0-G0,train
5bjz_C0-L0,train
5bjz_D0-H0,train
6u8c_D0-C0,train
6u8c_H0-L0,train
5bk0_D0-C0,unassigned
5bk0_B0-A0,unassigned
6azx_C0-D0,valid
6azx_A0-B0,unassigned
5bk1_C0-D0,train
5bk1_H0-L0,train
5bk2_H0-L0,train
5bk2_C0-D0,train
5bk3_H0-L0,train
5bk3_A0-B0,train
5bk3_C0-D0,train
5bk3_E0-F0,train
5bk5_B0-A0,train
5bk5_H0-G0,train
5bk5_D0-C0,train
5bk5_F0-E0,train
5bmf_H0-L0,train
5bo1_I0-M0,train
5bo1_H0-L0,train
5bv7_H0-L0,train
5bvj_B0-A0,train
5bvj_D0-C0,train
5bvj_F0-E0,train
5bvj_H0-G0,train
5bvp_H0-L0,train
4g5z_H0-L0,train
4g6j_H0-L0,train
5bzd_D0-C0,train
5bzd_B0-A0,train
5bzw_B0-A0,train
5c0n_C0-D0,train
5c0n_H0-L0,train
5c0r_H0-L0,train
4hlz_G0-H0,train
4hlz_I0-J0,train
4hlz_K0-L0,train
5c2b_H0-H1,train
5cba_A0-B0,train
5cba_C0-D0,train
5c6w_H0-H1,test
5c6w_J0-J1,unassigned
5cbe_A0-B0,unassigned
5cbe_C0-D0,unassigned
5c8j_A0-B0,train
5c8j_E0-F0,train
5c8j_G0-H0,train
5c8j_C0-D0,train
5cck_H0-L0,train
5cd3_G0-H0,train
5cd3_A0-B0,train
5cd3_C0-D0,train
5cd3_E0-F0,train
5cd5_C0-D0,train
5cex_D0-C0,train
5cex_B0-A0,train
5cgy_C0-D0,train
5cgy_H0-L0,train
5chn_A0-B0,test
5chn_H0-L0,unassigned
3hr5_H0-L0,train
3hr5_B0-A0,train
3hr5_I0-P0,train
3hr5_J0-Q0,train
3i02_D0-C0,train
3i02_B0-A0,train
3i2c_H0-L0,train
3idx_H0-L0,train
3idy_H0-L0,train
3idy_B0-C0,train
3iet_B0-A0,train
3iet_D0-C0,train
3if1_B0-A0,train
3if1_D0-C0,train
6h2y_H0-L0,train
6h5n_C0-B0,unassigned
6h5n_F0-E0,unassigned
6e63_H0-L0,unassigned
6e63_B0-C0,unassigned
6e64_H0-L0,unassigned
6e64_A0-B0,unassigned
6e65_H0-L0,test
6e62_H0-L0,unassigned
6e62_B0-C0,unassigned
6hga_H0-L0,train
6hgu_A0-B0,train
6hgu_H0-L0,train
6hhc_H0-L0,train
5fcu_H0-L0,train
4rfe_H0-L0,train
4rfe_C0-D0,train
4rfe_E0-F0,train
4rfe_A0-B0,train
4rfn_H0-L0,train
4rfn_B0-C0,train
5i1h_H0-L0,train
5i9q_H0-L0,train
5i9q_B0-C0,train
5itb_H0-L0,valid
5j74_A0-A1,train
5j74_B0-B1,train
5j75_B0-B1,train
5j75_A0-A1,train
6bpc_B0-C0,train
6bpc_E0-F0,train
6bpb_A0-B0,train
6btj_A0-B0,train
6btj_H0-L0,train
6mlm_F0-G0,train
6mlm_K0-L0,train
6mlm_E0-I0,train
6gfe_K0-M0,valid
6gfe_H0-L0,unassigned
6gff_N0-M0,train
6gff_L0-K0,train
6ghg_H0-L0,train
6ghg_A0-B0,train
6lfx_A1-A0,train
6lfw_A1-A0,train
6lfv_A1-A0,train
6w5d_H0-L0,valid
6w5d_A0-B0,unassigned
6w7s_H0-L0,train
7c95_D0-C0,train
7c95_B0-A0,train
7c94_B0-A0,train
7c94_E0-D0,train
7k9h_H0-L0,train
7k9i_H0-L0,train
7k9j_H0-L0,train
7k9j_I0-M0,train
7k9j_J0-N0,train
7k9k_H0-L0,train
8eqf_H0-L0,train
3tt1_I0-M0,train
3tt1_H0-L0,train
3tt3_H0-L0,train
5jyl_D0-D1,train
5jyl_B0-B1,train
5jym_D0-D1,train
5jym_B0-B1,train
6lgw_A0-B0,train
6lgw_C0-D0,train
4m43_H0-L0,train
6xsw_A0-B0,train
6xsw_D0-E0,train
6xsw_G0-I0,train
6xsw_H0-L0,train
7sg5_H0-L0,test
7sg6_H0-L0,test
6b5l_H0-L0,train
6b5m_H0-L0,train
6b5n_H0-L0,train
6b5o_H0-L0,train
7st5_h0-l0,train
7st5_H0-L0,train
7stf_H0-L0,train
7yh6_H0-L0,train
7yh7_P0-Q0,train
7yh7_S0-R0,train
7yh7_V0-U0,train
8djg_C0-D0,train
8djg_A0-B0,train
8dwa_H0-L0,train
8f6o_A0-B0,train
4ocr_H0-L0,train
5y2k_A0-B0,train
5y2k_C0-D0,train
5y2k_E0-F0,train
5y2k_G0-H0,train
6j9o_H0-L0,train
5y2l_I0-J0,train
6k7o_B0-C0,train
6k7o_D0-E0,train
6k7o_F0-G0,train
6k7o_H0-L0,train
6m3b_C0-B0,test
7eyc_A0-B0,train
7eyc_H0-L0,train
7r8u_HHH0-LLL0,valid
7wue_E0-F0,train
7wue_C0-D0,train
7xs8_A0-L0,train
7xsb_H0-L0,train
7xsb_D0-F0,train
7xsb_G0-I0,train
7xsb_J0-K0,train
7yv1_H0-L0,train
8g4m_J0-K0,train
8g4m_D0-E0,train
8g4m_H0-L0,train
6s5a_H0-L0,train
6s8d_H0-L0,train
6s8d_P0-O0,train
6s8d_Y0-U0,train
6s8i_H0-L0,train
6s8i_P0-O0,train
6s8i_Y0-U0,train
6s8j_H0-L0,train
6s8j_P0-O0,train
6s8j_Y0-U0,train
6sf6_A0-B0,train
6sf6_H0-L0,train
6snc_H0-L0,train
6snc_B0-A0,train
6snd_B0-A0,train
6snd_H0-L0,train
6sni_H0-L0,train
6ss2_HHH0-LLL0,train
6srx_HHH0-LLL0,train
6srx_III0-MMM0,train
6svl_A0-B0,train
6svl_K0-M0,train
6svl_O0-P0,train
6svl_D0-E0,train
6svl_G0-I0,train
6svl_H0-L0,train
6sxi_A0-B0,train
6t3j_F0-G0,train
6t3j_A0-B0,train
6t3j_H0-I0,train
6t3j_C0-D0,train
6wla_H20-L20,train
6wla_H10-L10,train
6wla_H30-L30,train
4m7j_H0-L0,train
4m7z_B0-C0,train
4m7z_H0-L0,train
4m93_H0-L0,train
4m93_B0-C0,train
4ma1_B0-C0,train
4ma1_E0-F0,train
4ma1_H0-L0,train
4mxv_F0-E0,train
4mxv_H0-L0,train
4mxv_Y0-X0,train
7msq_H0-L0,valid
7msq_D0-E0,unassigned
7mu4_H0-L0,train
7t9m_H0-L0,train
8w85_E0-F0,train
8w85_A0-B0,train
1e6j_H0-L0,train
1e6o_H0-L0,train
1qok_A0-A1,train
4liq_H0-L0,train
4lvh_E0-F0,train
4lvh_K0-L0,train
4lvh_B0-C0,train
4lvh_H0-I0,train
4qxt_A0-B0,train
4qy8_A0-B0,train
4qyo_A0-B0,train
4r3s_A0-B0,train
5b71_D0-C0,train
5b71_B0-A0,train
5cp3_H0-A0,train
5cp7_H0-A0,train
5cp7_B0-C0,train
5cp7_D0-E0,train
5cp7_F0-G0,train
5do2_C0-D0,train
5do2_H0-L0,train
5it2_H0-L0,valid
5ysl_A0-B0,train
5ysl_C0-D0,train
5ysl_E0-F0,train
5ysl_G0-H0,train
6ca6_H0-L0,train
6ca6_B0-A0,train
7t74_H0-L0,train
6ca7_H0-L0,train
6ktr_F0-G0,train
6ktr_A0-B0,train
6kx1_A0-B0,train
6ldv_H0-L0,train
6m58_C0-D0,train
6m58_H0-L0,train
7stz_H0-L0,train
7stz_I0-M0,train
6cxy_H0-L0,train
7tow_H0-L0,train
7tow_A0-B0,train
8fdo_A0-B0,train
8cz8_D1-D0,train
8cz8_B1-B0,train
8dn6_E0-F0,train
8dn6_C0-D0,train
8dn7_D0-H0,train
8dn7_A0-B0,train
8guz_A0-B0,train
8guz_C0-D0,train
8gv0_A0-B0,train
8gv0_C0-D0,train
8gv0_E0-F0,train
8gv0_G0-H0,train
1eo8_H0-L0,train
1etz_B0-A0,train
1etz_H0-L0,train
1fsk_C0-B0,train
1fsk_F0-E0,train
1fsk_I0-H0,train
1fsk_L0-K0,train
8esv_H0-L0,train
6bdz_H0-L0,train
8j7v_E0-C0,train
8j7v_F0-D0,train
8j7w_E0-C0,train
8j7w_F0-D0,train
8j7t_E0-C0,train
8j7t_F0-D0,train
8j7x_E0-C0,train
8j7x_F0-D0,train
8j80_E0-C0,train
8j80_F0-D0,train
8j7y_E0-C0,train
8j7y_F0-D0,train
8j7u_E0-C0,train
8j7u_F0-D0,train
8szy_C0-D0,train
8szy_A0-B0,train
8szy_I0-M0,train
8szy_H0-L0,train
7wwm_H0-L0,train
7wwm_I0-M0,train
7wwm_J0-N0,train
8bk2_H0-L0,train
8bk2_D0-E0,train
8bk2_F0-G0,train
8d01_H0-L0,train
8d01_A0-B0,train
8f2j_A0-B0,train
8f2j_D0-F0,train
8f2j_H0-L0,train
8f2j_I0-J0,train
8smt_A0-B0,train
8smt_D0-F0,train
8smt_H0-L0,train
8smt_I0-J0,train
8gbw_H0-L0,valid
8gpk_A0-B0,train
8gpk_C0-D0,train
8gs9_H0-K0,train
8gsd_H0-L0,train
8gsc_H0-L0,train
8hec_G0-F0,train
8hec_E0-D0,train
8hec_I0-H0,train
8j7e_C0-D0,train
8j7e_A0-B0,train
8ol9_B0-A0,train
6x1w_H0-L0,train
7mw6_D0-E0,train
7mw6_H0-L0,train
7mw6_F0-G0,train
7mw5_H0-L0,train
7mw5_F0-G0,train
7mw5_D0-E0,train
7t92_H0-L0,train
7ucg_D0-E0,train
7ucg_C0-F0,train
7ucg_N0-O0,train
7ugn_G0-J0,train
7ugn_H0-K0,train
7ugn_I0-L0,train
7ugq_G0-J0,train
7ugq_H0-K0,train
7ugq_I0-L0,train
7uov_H0-L0,train
7uov_D0-E0,train
7uov_F0-G0,train
8bf0_H0-L0,train
8fba_C0-D0,train
8fba_A0-B0,train
7fab_H0-L0,train
7qt3_C0-D0,train
7qt3_A0-B0,train
7qt4_A0-B0,train
7qti_G0-H0,train
7qti_B0-C0,train
7qti_I0-J0,train
7qti_F0-E0,train
7qu1_A0-B0,test
7qu2_A0-B0,train
7quh_H0-L0,train
2fjh_B0-A0,train
2fjh_H0-L0,train
2fl5_H0-L0,train
2fl5_B0-A0,train
2fl5_D0-C0,train
2fl5_F0-E0,train
2g2r_B0-A0,train
2g2r_H0-L0,train
2g5b_B0-A0,train
2g5b_D0-C0,train
2g5b_F0-E0,train
2g5b_H0-G0,train
2g60_H0-L0,train
2gcy_B0-A0,train
2ghw_D0-D1,train
2ghw_B0-B1,train
2gsi_B0-A0,train
2gsi_D0-C0,train
2gsi_F0-E0,train
2gsi_H0-G0,train
2h1p_H0-L0,train
8c8t_H0-K0,train
8c8t_C0-D0,train
8u4v_H0-L0,train
5jo4_A0-B0,train
5jqd_D0-A0,train
5jqd_C0-B0,train
5jo4_C0-D0,train
5jor_H0-L0,train
5jor_B0-C0,train
5jor_F0-E0,train
5jor_D0-A0,train
5jop_H0-L0,train
5jop_E0-D0,train
5jq6_H0-L0,train
5jw5_H0-L0,train
5jw5_A0-B0,train
7vgr_F0-E0,train
7vgr_D0-C0,train
7vgs_F0-E0,train
7vgs_D0-C0,train
7zf3_A0-B0,train
7zf6_H0-L0,test
3vfg_H0-L0,train
6ewb_E0-F0,train
6ewb_G0-I0,train
6ewb_H0-L0,train
6ewb_J0-K0,train
6fy0_H0-L0,train
6fy0_I0-M0,train
6fy1_Y0-Z0,train
6fy1_H0-L0,train
6fy2_H0-L0,train
6fy2_X0-Y0,train
6pzg_H0-L0,test
6pzh_H0-L0,train
6pzh_B0-A0,train
6pzw_K0-I0,train
6pzw_F0-E0,train
6pzw_J0-G0,train
6pzw_H0-L0,train
6pzy_C0-D0,train
6pzy_G0-J0,train
6pzy_H0-K0,train
6pzy_I0-L0,train
6q0h_H0-L0,train
6q0i_H0-L0,train
6q0l_H0-L0,train
6q19_H0-L0,train
6q1a_H0-L0,train
6q1k_H0-L0,train
6q1e_H0-L0,train
6q0e_H0-L0,train
6q1g_H0-L0,train
6q18_H0-L0,train
6q1j_H0-L0,train
6q0o_Z0-B0,train
6q1z_D0-C0,train
6q1z_H0-L0,train
6q23_H0-L0,train
6q23_E0-F0,train
6q23_G0-I0,train
6q23_J0-K0,train
6qcu_H0-L0,train
6qd7_H0-L0,train
6qd7_U0-P0,train
6qd7_X0-Z0,train
6qd8_W0-Z0,train
6qd8_Q0-Y0,train
6qd8_H0-L0,train
6e1k_F0-E0,train
6e1k_D0-C0,train
6e3h_H0-L0,train
6e4x_Z0-Y0,valid
6e56_G0-I0,test
6e56_H0-J0,unassigned
6jhs_E0-D0,train
6x87_K0-L0,train
6x87_M0-N0,train
6x87_I0-J0,train
6x87_G0-H0,train
6x87_E0-F0,train
6x87_C0-D0,train
6x87_A0-B0,train
6x8p_H0-L0,train
6x8q_H0-L0,train
6x8s_H0-L0,train
6x8u_H0-L0,train
7l77_H0-L0,valid
4c83_C0-D0,train
4c83_A0-B0,train
4cad_B0-A0,train
4cad_E0-D0,train
4cad_H0-G0,train
4cad_K0-J0,train
5xaj_A0-B0,train
5xaj_H0-L0,train
4cmh_B0-C0,train
4cni_H0-L0,train
4cni_A0-B0,train
4lvo_C0-B0,train
4lvn_C0-B0,train
7so9_M0-L0,train
7so9_E0-D0,train
7so9_H0-G0,train
7k43_H0-L0,train
7k43_F0-G0,train
7k43_C0-D0,train
7lxy_E0-D0,train
7lxy_F0-C0,train
7lxy_M0-K0,train
7lxz_E0-D0,train
7lxz_F0-C0,train
7lxz_M0-L0,train
7ly2_E0-D0,train
7ly2_F0-C0,train
7ly2_M0-K0,train
8dlw_C0-D0,train
8dlw_F0-G0,train
8dlw_H0-L0,train
7n8h_E0-D0,train
7n8h_H0-G0,train
7n8h_M0-L0,train
7so9_C0-B0,train
7so9_J0-I0,train
7so9_O0-N0,train
7soa_H0-L0,train
7sob_C0-B0,train
7sob_M0-L0,train
7sob_F0-E0,train
7sod_H0-L0,train
8gtq_H0-L0,train
8gtq_I0-M0,train
8gtq_J0-N0,train
7n8h_O0-N0,train
7n8h_C0-B0,train
7n8h_J0-I0,train
7n8i_H0-L0,train
7tlz_B0-A0,train
7tm0_E0-D0,train
7tm0_G0-F0,train
7tm0_I0-H0,train
7soe_B0-L0,train
7soe_E0-D0,train
7soe_H0-G0,train
7phu_B0-C0,train
7phu_D0-E0,train
6rcs_A0-B0,train
7phv_E0-F0,train
7phv_B0-C0,train
7pi3_D0-E0,train
7pi3_K0-L0,train
7pi3_R0-S0,train
7pi3_Y0-Z0,train
7phw_B0-C0,train
7phw_E0-F0,train
7pi3_a0-b0,train
7pi3_F0-G0,train
7pi3_M0-N0,train
7pi3_T0-U0,train
7pi7_E0-F0,train
7pi7_B0-C0,train
7tas_H0-L0,train
7tat_H0-L0,train
7tat_D0-E0,train
7tat_F0-G0,train
7ufq_H0-L0,train
7ufq_B0-D0,train
7lkg_A0-B0,train
7lkg_D0-E0,train
6hig_H0-L0,train
1i7z_D0-C0,train
1i7z_B0-A0,train
2fbj_H0-L0,train
2fd6_H0-L0,train
2fat_H0-L0,train
3bt2_H0-L0,train
3g5x_B0-A0,train
3g5x_D0-C0,train
3g5z_B0-A0,train
3g5v_B0-A0,train
3g5y_B0-A0,train
3g6a_H0-L0,train
3g6a_B0-A0,train
3g6d_H0-L0,train
3g6j_H0-G0,train
3g6j_F0-E0,train
3gb7_A0-B0,train
3hpl_A0-B0,train
3or6_A0-B0,train
2nlj_B0-A0,train
2p7t_A0-B0,train
1r3k_B0-A0,train
4msw_A0-B0,train
2atk_A0-B0,train
1s5h_B0-A0,train
2hfe_A0-B0,train
2hjf_A0-B0,train
2hvj_A0-B0,train
2hvk_A0-B0,train
2ih1_A0-B0,train
2ih3_A0-B0,train
2itc_A0-B0,train
2itd_A0-B0,train
1zwi_A0-B0,train
2h8p_A0-B0,train
3or7_A0-B0,train
2w0f_A0-B0,train
5vk6_A0-B0,train
5vkh_A0-B0,train
6by2_A0-B0,train
2boc_A0-B0,train
7mub_A0-B0,train
2bob_A0-B0,train
3iga_A0-B0,train
4lbe_A0-B0,train
5e1a_A0-B0,train
6by3_A0-B0,train
3stz_A0-B0,train
3stl_A0-B0,train
3f5w_A0-B0,train
3f7v_A0-B0,train
3f7y_A0-B0,train
3fb5_A0-B0,train
3fb6_A0-B0,train
3fb7_A0-B0,train
3fb8_A0-B0,train
5ec1_A0-B0,train
7mhr_A0-B0,train
7mhx_A0-B0,train
7mjt_A0-B0,train
7mk6_A0-B0,train
2hg5_A0-B0,train
2jk5_A0-B0,train
5ebw_A0-B0,train
2dwd_A0-B0,train
5j9p_A0-B0,train
5ebl_A0-B0,train
5ebm_A0-B0,train
5ec2_A0-B0,train
7sqw_A0-B0,train
6pa0_A0-B0,train
7rp0_A0-B0,train
2dwe_A0-B0,train
7m2h_A0-B0,train
7m2h_D0-E0,train
7m2i_A0-B0,train
7m2j_A0-B0,train
7mdj_A0-B0,train
1r3i_H0-L0,train
1r3j_B0-A0,train
1r3l_B0-A0,train
4lcu_A0-B0,train
6w0f_A0-B0,train
6w0g_A0-B0,train
6w0h_A0-B0,train
6w0i_A0-B0,train
6w0j_A0-B0,train
5vke_A0-B0,train
4uuj_A0-B0,train
6nfu_A0-B0,train
6nfv_A0-B0,train
6w0a_A0-B0,train
3gbm_H0-L0,train
3gbm_I0-M0,train
3gbn_H0-L0,train
8f38_D0-G0,train
8f38_E0-H0,train
8f38_F0-I0,train
8dim_B0-C0,train
8dim_E0-F0,train
8dim_H0-I0,train
8dis_A0-C0,train
8dis_B0-G0,train
8dis_H0-L0,train
8diu_G0-C0,train
8diu_E0-F0,train
8diu_H0-I0,train
3ghe_H0-L0,train
3gi9_H0-L0,train
3gi8_H0-L0,train
3gje_H0-L0,train
3gje_B0-A0,train
3gjf_H0-L0,train
3gjf_M0-K0,train
3gk8_H0-L0,train
7m3l_H20-L20,train
7m3n_H0-L0,train
3gkw_H0-L0,train
3gkz_A0-A1,train
3gm0_A0-A1,train
4las_H0-H1,train
4laq_H0-H1,train
4lar_H0-H1,train
4gqp_H0-H1,train
3gnm_H0-L0,train
3go1_H0-L0,valid
3grw_H0-L0,test
3h0t_B0-A0,test
3h42_H0-L0,train
5oca_H0-L0,train
4k8r_H0-L0,train
3hae_H0-L0,train
3hae_I0-G0,train
3hae_O0-N0,train
3hae_T0-S0,train
3hb3_C0-D0,train
1ar1_C0-D0,train
1mqk_H0-L0,train
1qle_H0-L0,train
3ehb_C0-D0,train
3hc0_A0-B0,train
3hc0_H0-L0,train
3hc3_H0-L0,train
3hc4_H0-L0,train
3hfm_H0-L0,train
2yss_B0-A0,train
3a6c_H0-L0,train
1j1o_H0-L0,train
1j1p_H0-L0,train
1j1x_H0-L0,train
1ua6_H0-L0,train
1uac_H0-L0,train
1c08_B0-A0,train
1ic4_H0-L0,train
1ic5_H0-L0,train
1ic7_H0-L0,train
5vjo_C0-D0,train
5vjo_A0-B0,train
3a6b_H0-L0,train
2dqc_H0-L0,train
2dqd_H0-L0,train
2dqe_H0-L0,train
2dqf_E0-D0,train
2dqf_B0-A0,train
2dqg_H0-L0,train
2dqh_H0-L0,train
5ayu_H0-L0,train
3d9a_H0-L0,train
2dqi_H0-L0,train
2dqj_H0-L0,train
2eks_B0-A0,train
2eiz_B0-A0,train
6p4b_H0-L0,train
6p4b_B0-A0,train
6p4c_H0-L0,train
3a67_H0-L0,train
6p4a_H0-L0,train
8gq1_H0-L0,train
3hi1_H0-L0,train
3hi1_B0-A0,train
1u6a_H0-L0,train
3hi5_H0-L0,train
3hi6_H0-L0,train
3hi6_X0-Y0,train
3hmx_H0-L0,train
3hmw_H0-L0,train
3hns_H0-L0,train
3hnt_H0-L0,train
3hnv_H0-L0,train
4ods_H0-L0,train
5dq9_A0-B0,train
5dq9_C0-D0,train
5dq9_H0-L0,train
7sx6_H0-L0,train
7sx6_B0-C0,train
7uxl_A0-B0,train
8dk6_H0-L0,train
4web_H0-L0,train
7mww_H0-L0,train
7mwx_A0-B0,train
7mwx_E0-F0,train
8gng_H0-L0,train
8gng_Z0-Y0,train
3vga_C0-B0,train
3vg9_C0-B0,train
2otu_B0-A0,train
2otu_F0-E0,train
2otu_H0-G0,train
2otu_D0-C0,train
2otw_B0-A0,train
2otw_D0-C0,train
2gsg_B0-A0,train
2gsg_D0-C0,train
2wub_H0-L0,train
2wub_R0-Q0,train
2wuc_H0-L0,train
3k2u_H0-L0,train
2ymx_H0-L0,train
2ypv_H0-L0,train
3mnv_D0-C0,train
3mnz_B0-A0,train
3mo1_B0-A0,train
3mnw_B0-A0,train
3moa_H0-L0,train
3mob_H0-L0,train
3mod_H0-L0,train
3lev_H0-L0,train
2p8l_B0-A0,train
2p8m_B0-A0,train
2p8p_B0-A0,train
2pr4_H0-L0,train
2pw1_B0-A0,train
2pw2_B0-A0,train
1u8k_B0-A0,train
1u8l_B0-A0,train
1u8m_B0-A0,train
1u8n_B0-A0,train
1u8o_B0-A0,train
1u8p_B0-A0,train
1u8q_B0-A0,train
1u91_B0-A0,train
1u92_B0-A0,train
1u93_B0-A0,train
1u95_B0-A0,train
1tjg_H0-L0,train
1tjh_H0-L0,train
1tji_H0-L0,train
1u8h_B0-A0,train
1u8i_B0-A0,train
3bqu_B0-A0,train
3d0v_B0-A0,train
3idm_B0-A0,train
3idg_B0-A0,train
3idi_B0-A0,train
3idj_B0-A0,train
3idn_B0-A0,train
3drq_B0-A0,train
3drt_B0-A0,train
3d0l_B0-A0,train
1u8j_B0-A0,train
2f5b_H0-L0,train
3mxw_H0-L0,train
3mxv_H0-L0,train
3n85_H0-L0,train
3n9g_H0-L0,test
3na9_H0-L0,valid
3naa_H0-L0,train
3nab_H0-L0,unassigned
3nac_H0-L0,train
3ncj_H0-L0,train
6rnn_H0-L0,train
6rnn_D0-C0,train
6s3t_D0-C0,train
6s3t_E0-I0,train
6s3t_N0-M0,train
6s3t_R0-Q0,train
6rp8_h0-l0,train
6rp8_H0-L0,train
6jc2_H0-L0,train
7elx_H0-L0,train
7elx_h0-l0,train
5xj3_A0-B0,train
5xj3_D0-E0,train
5xj3_G0-H0,train
5xj3_J0-K0,train
5tru_H0-L0,train
5tru_h0-l0,train
6rps_H0-L0,train
6rps_N0-M0,train
6wk4_A0-B0,train
6wkl_A0-B0,train
6xjq_H0-L0,test
6xjq_C0-D0,unassigned
6mwn_C0-D0,unassigned
6mwn_H0-L0,unassigned
6xjz_C0-D0,unassigned
6xjz_H0-L0,unassigned
6xjw_C0-D0,unassigned
6xjw_H0-L0,unassigned
6xjy_C0-D0,unassigned
6xjy_H0-L0,unassigned
4lkx_A0-B0,test
7ox2_A0-L0,train
7ox2_B0-C0,train
7ox2_D0-E0,train
7ox2_J0-K0,train
7ox3_A0-B0,train
7vyt_H0-L0,train
7vyt_B0-C0,train
7w9e_D0-E0,train
7wch_D0-E0,train
7wch_H0-L0,train
7wch_M0-N0,train
7wck_A0-B0,train
7zf9_H0-L0,train
7zf9_A0-B0,train
7zf8_H0-L0,train
7bei_H0-L0,train
7nd5_H0-L0,train
2dtm_H0-L0,train
2dqt_H0-L0,train
2dqu_H0-L0,train
2zck_H0-L0,train
2zcl_H0-L0,train
2zch_H0-L0,train
3c09_C0-B0,train
3c09_H0-L0,train
3c08_H0-L0,train
5vr9_A0-B0,train
5vr9_H0-L0,train
5vsi_H0-L0,train
3eo0_B0-A0,train
3eo0_D0-C0,train
4kxz_H0-L0,train
4kxz_J0-I0,train
4kxz_N0-M0,train
4kxz_Q0-P0,train
4kv5_E0-E1,train
4kv5_J0-J1,train
4kv5_H0-H1,train
4kv5_G0-G1,train
3eo1_B0-A0,train
3eo1_E0-D0,train
3eo1_H0-G0,train
3eo1_K0-J0,train
3eo9_H0-L0,valid
3eoa_H0-L0,unassigned
3eoa_B0-A0,unassigned
3eyv_H0-L0,train
3eyv_B0-A0,train
1s3k_H0-L0,train
3iu3_C0-D0,train
3iu3_A0-B0,train
3iu3_H0-L0,train
1mim_H0-L0,train
3raj_H0-L0,train
4gxv_H0-L0,valid
4gxv_I0-M0,unassigned
4gxu_Q0-R0,unassigned
4gxu_U0-V0,unassigned
4gxu_W0-X0,unassigned
4gxu_M0-N0,unassigned
4gxu_O0-P0,unassigned
4gxu_S0-T0,unassigned
4h0g_A0-A1,train
4h0h_B0-B1,train
4h0i_A0-A1,train
5i4f_A0-A1,train
5vf2_A0-A1,train
7mw2_D0-E0,train
7mw2_H0-L0,train
7mw2_F0-G0,train
7mw3_H0-L0,train
7mw3_F0-G0,train
7mw3_D0-E0,train
7mw4_H0-L0,train
7mw4_D0-E0,train
7mw4_F0-G0,train
8bec_C0-C1,train
8bec_A0-A1,train
8cby_H0-L0,train
8cbx_H0-L0,train
8cbz_H0-L0,train
8cc0_H0-L0,train
8cc1_H0-L0,train
8eli_H0-L0,train
8f7z_E0-F0,train
8f7z_A0-B0,train
8f7z_C0-D0,train
8f7z_G0-H0,train
8euv_G0-H0,train
8euv_I0-J0,train
8euv_K0-L0,train
6ucf_H0-L0,train
6me1_A0-B0,train
6me1_C0-D0,train
5i8c_A0-B0,train
5i8e_A0-B0,train
5i8e_C0-D0,train
8euw_G0-H0,train
8euw_I0-J0,train
8euw_K0-L0,train
8euu_G0-H0,train
8euu_K0-L0,train
8euu_I0-J0,train
8evg_M0-M1,train
8evg_N0-N1,train
8evh_M0-M1,train
8evh_N0-N1,train
8evi_M0-M1,train
8evi_N0-N1,train
8syp_M0-M1,train
8syp_N0-N1,train
7k60_M1-M0,train
7k60_N1-N0,train
7k61_M1-M0,train
7k61_N1-N0,train
7k78_K0-K1,train
7k78_L0-L1,train
7k63_M1-M0,train
7k63_N1-N0,train
8sps_K0-K1,train
8sps_N0-N1,train
6dzt_M0-M1,train
6dzt_N0-N1,train
6e0c_N0-N1,train
6e0c_M0-M1,train
6e0p_M0-M1,train
6e0p_N0-N1,train
7k5x_M1-M0,train
7k5x_N1-N0,train
7k5y_M1-M0,train
7k5y_N1-N0,train
8dk5_K0-K1,train
8dk5_N0-N1,train
8spu_N0-N1,train
8spu_K0-K1,train
7u0i_K0-K1,train
7u0i_N0-N1,train
7u0j_K0-K1,train
7u0j_N0-N1,train
1um4_H0-L0,train
1um5_H0-L0,train
1um6_H0-L0,train
1uyw_M0-N0,train
1uyw_H0-L0,train
1v7m_H0-L0,train
1v7m_I0-M0,train
2zkh_H0-L0,train
1v7n_H0-L0,train
1v7n_I0-M0,train
1v7n_J0-N0,train
1v7n_K0-O0,train
1vge_H0-L0,valid
3vi4_H0-L0,train
3vi4_F0-E0,train
3vi3_F0-E0,train
3vi3_H0-L0,train
3wsq_H0-L0,train
5fgb_E0-B0,train
5fgb_C0-A0,train
5fgc_E0-B0,valid
7k76_A0-B0,unassigned
7k76_H0-L0,valid
7k75_A0-B0,unassigned
7k75_C0-D0,unassigned
7k75_I0-J0,unassigned
7k75_M0-N0,unassigned
7u63_H0-L0,train
7u63_B0-A0,train
7u63_D0-C0,train
7u9e_B0-B1,train
7jum_H0-H1,train
7jum_I0-I1,train
7jum_J0-J1,train
7ua2_B0-B1,train
7ufw_H0-H1,train
7ufw_I0-I1,train
7u9e_H0-H1,train
1fe8_H0-L0,train
1fe8_I0-M0,train
1fe8_J0-N0,train
1riu_H0-L0,train
1riv_H0-L0,train
1qyg_H0-L0,train
1rfd_H0-L0,train
1rjl_B0-A0,train
1rmf_H0-L0,train
1ru9_H0-L0,train
1rua_H0-L0,train
1ruk_H0-L0,train
1rul_H0-L0,train
1rum_H0-L0,train
1rup_H0-L0,train
1ncw_H0-L0,train
1nd0_B0-A0,train
1nd0_D0-C0,train
1nd0_F0-E0,train
1nd0_H0-G0,train
3ejz_C0-D0,train
3ejz_E0-F0,train
4lou_C0-D0,train
4lou_E0-F0,train
2hlf_C0-D0,train
2hlf_E0-F0,train
2ht2_C0-D0,train
2ht2_E0-F0,train
2ht3_C0-D0,train
2ht3_E0-F0,train
2ht4_C0-D0,train
2ht4_E0-F0,train
2htk_C0-D0,train
2htk_E0-F0,train
2htl_C0-D0,train
2htl_E0-F0,train
4kkc_C0-D0,train
4kkc_E0-F0,train
4ene_C0-D0,train
4ene_E0-F0,train
4kjw_E0-F0,train
4kjw_C0-D0,train
4kk5_C0-D0,train
4kk5_E0-F0,train
4kk6_C0-D0,train
4kk6_E0-F0,train
4kk8_C0-D0,train
4kk8_E0-F0,train
4kk9_C0-D0,train
4kk9_E0-F0,train
4kka_C0-D0,train
4kka_E0-F0,train
4kkb_C0-D0,train
4kkb_E0-F0,train
4kkl_C0-D0,train
4kkl_E0-F0,train
4kjq_C0-D0,train
4kjq_E0-F0,train
3ejy_C0-D0,train
3ejy_E0-F0,train
6ad7_C0-D0,train
6ad7_E0-F0,train
6ad8_C0-D0,train
6ad8_E0-F0,train
3det_C0-D0,train
3det_E0-F0,train
6k5i_C0-D0,train
6k5i_E0-F0,train
2exw_C0-D0,train
2exw_E0-F0,train
2exy_E0-F0,train
2exy_C0-D0,train
2fed_E0-F0,train
2fed_C0-D0,train
2fee_J0-O0,train
2fee_I0-L0,train
2h2p_C0-D0,train
2h2p_E0-F0,train
2h2s_C0-D0,train
2h2s_E0-F0,train
4kjp_C0-D0,train
4kjp_E0-F0,train
5hd8_C0-D0,train
5hd8_E0-F0,train
7cvt_C0-D0,train
7cvt_E0-F0,train
6adb_C0-D0,train
6adb_E0-F0,train
7cvs_C0-D0,train
7cvs_E0-F0,train
2r9h_E0-F0,train
2r9h_C0-D0,train
6ada_C0-D0,train
6ada_E0-F0,train
6adc_C0-D0,train
6adc_E0-F0,train
6k5d_C0-D0,train
6k5d_E0-F0,train
5f6h_K0-L0,train
5f6h_I0-J0,train
5f6h_M0-N0,train
5f6h_O0-P0,train
5f72_S0-S1,train
5f72_T0-T1,train
5f7e_H0-L0,train
5fec_A0-B0,train
5fec_H0-L0,train
7nw3_H0-L0,train
6shg_H0-L0,train
7njz_H0-L0,train
4s2s_H0-L0,train
4s2s_A0-B0,train
7nwl_D0-E0,train
7ceb_C0-D0,train
5xcx_A0-B0,train
7nx6_H0-L0,train
7nx7_H0-L0,train
7nx8_H0-L0,train
7nx9_H0-L0,train
7nxa_H0-L0,train
7nxb_H0-L0,train
6zcz_H0-L0,train
8bcz_E0-F0,train
7qnw_H0-L0,train
7qnx_H0-L0,train
7zf3_H0-L0,train
7o2z_H0-L0,train
7o30_B0-A0,train
7o30_H0-L0,train
7o31_H0-L0,train
7o33_H0-L0,train
7o52_H0-L0,unassigned
7o4y_H0-L0,valid
7o9s_H0-L0,train
5jue_H0-L0,train
7t9n_H0-L0,train
3g04_B0-A0,train
7xw6_Y0-L0,train
5f96_H0-L0,valid
2arj_B0-A0,train
2arj_H0-L0,train
2b0s_H0-L0,unassigned
2b1a_H0-L0,unassigned
2b1h_H0-L0,valid
2b2x_H0-L0,train
2b2x_I0-M0,train
1mhp_H0-L0,train
1mhp_X0-Y0,train
2b4c_H0-L0,train
1rhh_B0-A0,train
1rhh_D0-C0,train
2bdn_H0-L0,train
2bfv_H0-L0,train
1bfv_H0-L0,train
1cfv_H0-L0,train
1oaq_H0-L0,train
1oar_H0-L0,train
1oar_I0-M0,train
1oar_J0-N0,train
1oar_K0-O0,train
2bmk_B0-A0,train
2bmk_H0-L0,train
1wc7_B0-A0,train
1wc7_H0-L0,train
1wcb_B0-A0,train
1wcb_H0-L0,train
2brr_Y0-X0,train
2brr_H0-L0,train
2ck0_H0-L0,train
3ck0_H0-L0,train
1ck0_H0-L0,train
2cmr_H0-L0,train
2d7t_H0-L0,valid
2dbl_H0-L0,train
1dbk_H0-L0,train
1dbm_H0-L0,train
1dba_H0-L0,train
1dbb_H0-L0,train
1dbj_H0-L0,train
2ddq_H0-L0,train
2dlf_H0-L0,train
1dlf_H0-L0,train
1wz1_H0-L0,train
3clf_H0-L0,train
3cle_H0-L0,train
4bh7_B0-A0,train
4bh8_B0-A0,train
2a6d_H0-L0,train
2a6d_B0-A0,train
2a6i_B0-A0,train
2a6j_H0-L0,train
2a6j_B0-A0,train
2a6k_H0-L0,train
2a6k_B0-A0,train
5vga_B0-A0,train
6ml8_H0-L0,train
4fp8_H0-L0,train
4fp8_I0-M0,train
4fp8_J0-N0,train
4fp8_K0-O0,train
5umn_C0-D0,train
5umn_E0-F0,train
6d0u_E0-F0,train
6d0u_C0-D0,train
6d0u_K0-L0,train
6d0u_H0-I0,train
8df1_O0-P0,train
8df1_M0-N0,train
8df1_H0-L0,train
8df1_Q0-R0,train
8df1_S0-T0,train
8df1_U0-V0,train
3hzv_B0-A0,train
3hzy_B0-A0,train
3hzk_B0-A0,train
3hzm_B0-A0,train
3thm_H0-L0,valid
3ztn_H0-L0,train
4ouu_H0-L0,train
4ouu_B0-A0,train
4p3c_H0-L0,train
4p3d_A0-B0,train
4p3d_H0-L0,train
4qxu_H0-L0,train
4p49_A1-A0,train
4p59_H0-L0,train
4pb0_H0-L0,train
4pb9_H0-L0,train
4plj_H0-L0,train
4plj_D0-C0,train
4poz_D0-C0,train
5vco_B0-A0,train
5vco_D0-C0,train
4ps4_H0-L0,train
4py7_I0-J0,train
4py7_A0-B0,train
4py8_I0-J0,train
4q9q_H0-L0,train
4q9r_H0-L0,train
8d29_A0-B0,test
8d29_D0-E0,unassigned
8d29_G0-I0,unassigned
8d29_H0-L0,unassigned
8sh5_H0-L0,train
6db8_H0-L0,train
6db9_H0-L0,train
7u0y_H0-L0,train
3ivk_H0-L0,train
3ivk_A0-B0,train
4kzd_H0-L0,train
4kze_H0-L0,train
7mlx_H0-L0,unassigned
6x5m_H0-L0,train
6x5m_h0-l0,train
6x5n_h0-l0,train
6x5n_H0-L0,train
8dp3_H0-L0,train
6b14_H0-L0,unassigned
6b3k_H0-L0,train
8dk7_B0-A0,unassigned
8dk7_D0-E0,unassigned
7szu_H0-L0,train
4qci_B0-A0,train
4qci_H0-L0,train
4qf1_A0-B0,train
4qf1_H0-L0,train
4qhn_A0-B0,train
4qhu_B0-A0,train
4qhu_H0-L0,train
4qnp_H0-L0,train
4qnp_E0-F0,train
4qt5_B0-A0,train
4qt5_H0-L0,train
4qth_H0-L0,train
4qth_A0-B0,train
4qti_H0-L0,train
6lkt_A0-B0,train
6wzn_A1-A0,train
1bey_H0-L0,train
1ce1_H0-L0,train
4yzf_E0-F0,train
4yzf_G0-H0,train
4yzf_I0-J0,train
4yzf_K0-L0,train
5a16_A0-B0,train
5a16_C0-D0,train
5a16_E0-F0,train
5a16_G0-H0,train
4z95_H0-L0,train
4odt_H0-L0,train
4z8f_H0-L0,train
4odu_H0-L0,train
4odu_A0-B0,train
5npi_A0-A1,train
5npi_B0-B1,train
5npj_A0-A1,train
5npj_B0-B1,train
5nph_H0-L0,train
2h9g_H0-L0,train
2h9g_B0-A0,train
2hff_B0-A0,train
2hff_H0-L0,train
2hfg_H0-L0,train
2hh0_H0-L0,train
2hkh_H0-L0,train
2hkf_H0-L0,train
2hrp_H0-L0,train
2hrp_N0-M0,train
7url_A0-A1,train
7url_B0-B1,train
1mf2_H0-L0,train
1mf2_N0-M0,train
2hwz_H0-L0,train
2i9l_B0-A0,train
2i9l_D0-C0,train
2i9l_F0-E0,train
2i9l_H0-G0,train
2iq9_H0-L0,train
2iqa_H0-L0,train
2iqa_B0-A0,train
2r0w_H0-L0,train
2j5l_C0-B0,train
2j4w_H0-L0,train
2j6e_I0-M0,train
2j6e_H0-L0,train
2j88_H0-L0,train
2jb6_B0-A0,train
2jb6_H0-L0,train
2jb5_H0-L0,train
2jel_H0-L0,train
2jix_D0-G0,train
2jix_F0-A0,train
2jix_H0-L0,train
5gzn_H0-L0,train
5gzn_C0-D0,train
7bpk_C0-D0,train
7bpk_H0-L0,train
6k65_H0-L0,train
7zwf_B0-B1,unassigned
7zwi_B0-C0,test
7zwi_E0-F0,unassigned
1kcr_H0-L0,train
1kcu_H0-L0,train
1kc5_H0-L0,train
1kel_H0-L0,train
1kem_H0-L0,train
1fl5_H0-L0,train
1fl5_B0-A0,train
1fl6_H0-L0,train
1fl6_B0-A0,train
7x6a_I0-K0,train
7y0w_H0-L0,train
7x6o_I0-K0,train
7x6o_C0-D0,train
7x6o_J0-L0,train
7zfd_A0-B0,train
7zfd_H0-L0,train
7ean_H0-L0,train
7xjf_A0-B0,train
8a95_R0-O0,train
8a95_S0-P0,train
8a95_T0-Q0,train
8a96_K0-J0,train
8a99_R0-O0,train
8a99_S0-P0,train
8a99_T0-Q0,train
8a94_R0-O0,train
8a94_T0-Q0,train
8a94_K0-E0,train
2agj_H0-L0,train
8as0_B0-C0,train
8as0_H0-G0,train
8as0_E0-D0,train
8as0_K0-J0,train
8as0_N0-M0,train
8as0_Q0-P0,train
8as0_W0-V0,train
8as0_T0-S0,train
8jrv_H1-L0,train
4jqi_H0-L0,train
7df9_H0-L0,train
8i0n_H0-L0,train
8i0n_I0-M0,train
7srs_H0-L0,train
7dfc_H0-L0,train
7dfa_H0-L0,train
7dfb_H0-L0,train
8go8_H0-L0,train
8go8_I0-M0,train
8jru_H1-L0,train
8ath_H0-L0,train
8ath_E0-F0,train
8bbh_H0-L0,train
8be1_A0-B0,train
8be1_D0-E0,train
8bh5_H0-L0,unassigned
7ps1_A0-B0,unassigned
7zxu_H0-L0,valid
8bjz_H0-L0,train
8bjz_A0-B0,train
8bso_H0-L0,train
8bso_C0-D0,train
5fhx_H0-L1,train
5hcg_H0-L1,train
5fhx_H1-L0,train
5hcg_H1-L0,train
5l6y_H0-L0,train
8bse_H0-L0,test
8bsf_H0-L0,train
8byu_H0-L0,test
3bz4_B0-A0,train
3bz4_D0-C0,train
3bz4_F0-E0,train
3bz4_H0-G0,train
3c5s_B0-A0,train
3c5s_D0-C0,train
3ggw_B0-A0,train
3ggw_D0-C0,train
3c6s_B0-A0,train
3c6s_D0-C0,train
3c6s_F0-E0,train
3c6s_H0-G0,train
8eay_H0-L0,train
8ebp_I0-M0,train
8ebp_H0-L0,train
8dzw_H0-L0,train
8dzw_I0-M0,train
8dzw_J0-N0,train
8e2u_H0-L0,train
8ef3_A0-B0,train
8ef3_C0-D0,train
8ee8_H0-L0,train
8ee8_D0-C0,train
8eez_H0-L0,train
8eed_E0-F0,train
8eed_H0-L0,train
8eed_M0-N0,train
8eed_I0-J0,train
8ef2_H0-L0,train
6um7_J0-K0,train
6um7_F0-G0,train
6um7_B0-C0,train
6umg_H0-L0,train
6umg_h0-l0,train
6umh_h0-l0,train
6umh_H0-L0,train
6umi_H0-L0,train
6umj_H0-L0,train
6umx_h0-l0,train
6umx_H0-L0,train
6uoe_H0-L0,valid
5w08_G0-H0,train
5w08_I0-J0,train
5w08_K0-L0,train
5w08_M0-N0,train
5w08_O0-P0,train
5w08_Q0-R0,train
6urm_H0-L0,train
6urm_D0-E0,train
6wn4_A0-B0,train
6wn4_H0-L0,train
6wt3_H0-L0,train
6wno_E0-F0,train
6wno_B0-C0,train
7dk0_A0-B0,train
1eap_B0-A0,train
1egj_H0-L0,train
1ehl_H0-L0,train
1keg_H0-L0,train
1ejo_H0-L0,train
3be1_H0-L0,train
3bdy_H0-L0,train
3bgf_B0-C0,train
3bgf_H0-L0,train
3bkc_H0-L0,train
3bkm_H0-L0,train
3bae_H0-L0,train
3bkj_H0-L0,train
3aaz_A0-B0,train
3aaz_H0-L0,train
3bky_H0-L0,train
6wex_H0-L0,train
6wez_H0-L0,train
6wf0_H0-L0,train
7kez_H0-L0,train
7kf1_H0-L0,train
7kf1_A0-B0,train
7kf1_D0-E0,train
7kf1_G0-I0,train
7kfg_A0-B0,train
7s5r_H0-L0,train
7s5q_H0-L0,train
7jmx_H0-L0,train
7lq7_T0-U0,train
7lq7_P0-Q0,train
7lq7_y0-z0,train
7jmw_H0-L0,train
7so5_H0-L0,test
7st8_H0-L0,train
7ttx_H0-L0,unassigned
7tty_H0-L0,unassigned
7sd5_H0-L0,unassigned
7ttm_H0-L0,test
7tus_E0-F0,train
7tus_G0-H0,train
7tus_A0-B0,train
7tus_C0-D0,train
6u85_H0-L0,train
6dzr_H0-L0,train
7ugm_H0-L0,train
7z2m_B0-A0,train
7z2m_D0-C0,train
7z2m_F0-E0,train
7z2m_H0-L0,train
7u0k_H0-L0,train
7z4t_H0-L0,unassigned
7z3w_H0-L0,valid
8fas_A0-B0,train
1hez_B0-A0,train
1hez_D0-C0,train
1dee_D0-C0,train
1dee_B0-A0,train
1dee_F0-E0,train
1uwx_M0-K0,train
1uwx_H0-L0,train
2mpa_H0-L0,train
1mnu_H0-L0,train
1mpa_H0-L0,train
6nz7_G0-I0,train
6nz7_H0-L0,train
6o1f_H0-L0,train
6o23_C0-D0,train
6o23_A0-B0,train
6o25_A0-B0,train
6o25_E0-F0,train
6o25_I0-J0,train
6o26_A0-B0,test
6o28_A0-B0,train
6o28_C0-D0,train
6o29_A0-B0,train
6o29_H0-L0,train
6o2a_A0-B0,train
6o2a_C0-D0,train
6o2a_H0-I0,train
6o2a_O0-P0,train
6o2b_A0-B0,train
6o2b_C0-D0,train
6o2b_H0-I0,train
6o2b_O0-P0,train
6o2c_A0-B0,train
6o39_B0-A0,valid
6o3a_B0-A0,test
6o3b_G0-E0,train
6o3b_B0-A0,train
6o3d_H0-L0,train
6o3j_H0-L0,train
6o3j_A0-B0,train
6o3k_H0-L0,test
6o3l_H0-L0,unassigned
6o3l_A0-B0,unassigned
6o3u_H0-L0,unassigned
6o3u_B0-A0,unassigned
6o3u_D0-C0,unassigned
6o3u_F0-E0,unassigned
6o41_D0-C0,train
6o41_H0-L0,train
6o41_B0-A0,train
6o42_H0-L0,train
6o42_B0-A0,train
6o89_H1-L0,valid
6o89_H0-L1,train
6o9h_H0-L0,train
6o9h_A0-B0,train
6o9i_A0-B0,train
6xca_H0-L0,train
6xcm_H0-L0,train
6xcm_N0-S0,train
4m6n_H0-L0,test
5cma_B0-A0,train
5csz_A0-B0,train
5csz_H0-L0,train
5cus_H0-L0,train
5cus_I0-M0,train
5cus_J0-N0,train
5cus_K0-O0,train
5czv_H0-L0,train
5czx_H0-L0,train
5czx_C0-D0,train
5d1q_B0-A0,train
5d1x_B0-A0,train
5d1x_C0-D0,train
5d1q_C0-D0,train
5d1z_G0-H0,train
5d1z_B0-A0,train
5d1z_F0-E0,train
5d1z_D0-C0,train
5d6c_H0-L0,valid
5d6c_B0-A0,unassigned
7qxd_HHH0-LLL0,unassigned
7qxd_KKK0-MMM0,unassigned
7qxe_HHH0-LLL0,unassigned
7qxe_KKK0-MMM0,unassigned
6dwa_B0-A0,unassigned
6dwa_H0-L0,unassigned
6dwc_B0-A0,unassigned
6dwc_H0-L0,unassigned
5d70_H0-L0,train
5d71_H0-L0,train
5d72_M0-N0,train
5d72_H0-L0,train
5d7s_H0-L0,train
5c7x_H0-L0,train
5c7x_M0-N0,train
5d8j_H0-L0,train
5d93_F0-E0,train
5d93_C0-B0,train
5d96_C0-B0,train
5d96_J0-I0,train
6bzu_A0-B0,train
6bzu_C0-D0,train
6bzu_E0-F0,train
6bzu_G0-H0,train
6bzv_E0-F0,train
6bzv_A0-B0,train
6bzv_C0-D0,train
6bzv_G0-H0,train
6bzy_H0-L0,train
6c08_D0-E0,train
6c08_A0-B0,train
6c5i_H0-L0,train
6c5h_H0-L0,train
6c5j_H0-L0,train
6c5k_H0-L0,train
6c5k_A0-B0,train
6cbj_H0-L0,train
8say_C0-D0,train
8say_H0-I0,train
8say_M0-N0,train
5tpl_H0-L0,train
6gv1_H0-L0,train
6gv4_H0-L0,train
6jep_H0-L0,train
6jep_K0-I0,train
4etq_H0-L0,train
4etq_A0-B0,train
4ebq_H0-L0,train
4evn_C0-D0,train
4evn_E0-F0,train
4evn_G0-H0,train
4evn_I0-J0,train
4evn_M0-N0,train
4evn_A0-B0,train
4evn_K0-L0,train
4evn_O0-P0,train
4f15_B0-C0,train
4f15_E0-F0,train
4f15_H0-I0,train
4f15_K0-L0,train
4f2m_C0-D0,train
4f2m_A0-B0,train
4f37_H0-L0,train
4f37_F0-K0,train
4f57_H0-L0,train
4f58_H0-L0,train
4f58_I0-M0,train
4f58_J0-N0,train
4f58_K0-O0,train
7mx8_H0-L0,train
7ur6_H0-L0,train
7ur6_D0-E0,train
7ur6_J0-K0,train
7ura_H0-L0,train
7urc_H0-L0,train
7urd_H0-L0,train
7ure_H0-L0,train
7urf_O0-P0,train
7mhy_O0-P0,train
7mhz_O0-P0,train
7urs_H0-L0,unassigned
7urq_H0-L0,test
7s4s_H0-L0,unassigned
7urv_D1-D0,train
7usl_H0-L0,train
7uvf_X0-Y0,train
7uvf_H0-L0,train
7uvi_D0-E0,train
7uvi_A0-B0,train
7uz4_M0-N0,train
7uz4_H0-L0,train
7uz4_P0-Q0,train
7uz5_H0-L0,train
7uz6_H0-L0,train
7uz6_M0-N0,train
7uz6_P0-Q0,train
7uz7_H0-L0,train
7uz7_M0-N0,train
7uz7_P0-Q0,train
7uz8_P0-Q0,train
7uz8_H0-L0,train
7uz8_M0-N0,train
5w23_H0-L0,train
5w23_I0-M0,train
5w23_J0-N0,train
5w24_H0-L0,train
5w2b_H0-L0,train
5vkd_H0-L0,train
5w3e_E0-G0,train
5w3l_E0-G0,train
5w3m_E0-G0,train
5w3o_D0-E0,train
5xrq_H0-L0,train
5xrq_A0-B0,train
5w5z_H0-L0,train
5w5x_H0-L0,train
5w6c_H0-L0,train
5w6g_H0-L0,train
7kmh_A0-B0,train
4dw2_H0-L0,train
4dvb_A0-B0,train
4dvb_H0-L0,train
4edw_H0-L0,train
4edx_H0-L0,train
4edx_B0-A0,train
5myx_D0-C0,train
5myx_B0-A0,train
7mly_G0-J0,train
7mly_F0-K0,train
7mly_L0-M0,train
7mly_H0-I0,train
7t25_A0-B0,train
7t25_H0-L0,train
7u9w_H0-H1,train
7ui0_H0-L0,train
7ui0_I0-M0,train
7ui0_J0-N0,train
7mpg_F0-G0,train
7mpg_H0-I0,train
7mpg_D0-E0,train
4zyk_A0-B0,train
4zyk_H0-L0,train
7ukl_X0-Y0,train
7ukl_M0-N0,train
7ukl_H0-L0,train
7ul0_H0-L0,train
7ul1_H0-L0,train
7um3_H0-L0,train
7um3_I0-M0,train
7umm_J0-N0,train
7umm_H0-L0,train
7umm_I0-M0,train
7ums_40-50,train
7ums_60-70,train
7uop_H0-L0,train
7uop_B0-E0,train
7uop_C0-F0,train
7uot_S0-T0,train
7uot_O0-P0,train
7uot_Q0-R0,train
7uov_S0-T0,train
7uov_O0-P0,train
7uov_Q0-R0,train
7uot_H0-L0,train
7up9_H0-L0,train
7upa_H0-L0,train
7upa_B0-E0,train
7upa_C0-F0,train
7upw_D0-E0,train
7upw_F0-G0,train
7upw_H0-L0,train
7upx_H0-L0,train
7upy_H0-L0,train
7upy_F0-G0,train
7upy_D0-E0,train
8tp2_H0-L0,train
1f4x_H0-L0,train
1f4y_H0-L0,train
1f4w_H0-L0,train
6uta_A0-B0,train
6uta_H0-L0,train
6wbv_H0-L0,train
6w4s_H0-L0,train
6w4v_C0-D0,train
6wds_H0-L0,train
7e7x_M0-N0,train
7e7x_H0-L0,train
7e7y_C0-D0,train
7e7y_A0-B0,train
7e86_A0-B0,train
7e9b_H0-L0,valid
7e9o_H0-L0,train
7e9o_Y0-X0,train
7wly_P0-O0,train
7wly_Y0-X0,train
7wlz_P0-O0,train
7wm0_H0-L0,train
7ebz_E0-F0,train
7ec5_E0-F0,train
7ejy_H0-L0,train
7ek0_H0-L0,train
7f6y_H0-L0,train
7f6z_H0-L0,train
7enf_P0-O0,train
7epx_H0-L0,train
7epx_I0-M0,train
7wou_E1-E0,train
7wou_G1-G0,train
7kqe_H0-L0,train
7kqe_J0-M0,train
7kqe_I0-N0,train
7m7b_H0-L0,train
7kqg_B0-C0,train
1ynt_D0-C0,train
1ynt_B0-A0,train
4kq3_H0-L0,valid
5xjm_H0-L0,train
6jod_H0-L0,train
5xli_c0-a0,train
5xli_d0-b0,train
5yd3_A0-A1,train
5yd3_C0-C1,train
5yd3_E0-E1,train
5yd3_G0-G1,train
5yd4_A0-A1,train
5yd4_C0-C1,train
5yd4_E0-E1,train
5yd4_G0-G1,train
5yy4_A0-A1,train
5yd5_A0-A1,train
5yd5_C0-C1,train
6k0y_A0-B0,valid
6kyz_E0-F0,train
6kyz_B0-C0,train
6kz0_B0-C0,train
6kz0_E0-F0,train
6kz0_H0-I0,train
6kz0_K0-L0,train
6ltg_C0-D0,train
6ltg_A0-B0,train
7bsc_H0-L0,train
7bsd_A0-B0,train
7bsd_H0-L0,train
7dfp_C0-B0,train
8fdc_A0-B0,train
8idn_H0-L0,train
8h00_E0-D0,train
8h00_G0-F0,train
8h00_I0-H0,train
8ivw_E0-F0,train
8ivw_H0-I0,train
8ivw_K0-L0,train
8ivw_B0-C0,train
4nzr_H0-L0,valid
4jm2_A0-B0,unassigned
4jm4_H0-L0,unassigned
4o58_H0-L0,train
4o5l_H0-L0,train
4ob5_H0-L0,train
4odx_A0-L0,train
4odx_H0-B0,train
4m8q_A0-B0,train
4m8q_H0-L0,train
4m62_H0-L0,train
4m62_I0-M0,train
4lrn_H0-L0,train
4od2_B0-A0,train
5mo9_H0-L0,train
5n7w_H0-L0,train
5n7w_A0-B0,train
5nb5_I0-M0,train
5nb5_H0-L0,train
5nbw_H0-L0,train
5nbw_B0-A0,train
5ngv_H0-L0,train
5nh3_H0-L0,train
5nh3_I0-M0,train
5nhr_H0-L0,train
5nhr_A0-B0,train
5nhw_H0-L0,train
4fze_H0-L0,train
5i19_H0-L0,train
8dy2_A1-A0,train
8dy2_B1-B0,train
8dy2_C1-C0,train
8dy2_D1-D0,train
8dy0_A0-A1,train
8dy0_B0-B1,train
7sk8_D0-C0,train
7sk4_D0-C0,train
7sk7_D0-C0,train
7sk8_F0-E0,train
7sk4_F0-E0,train
7xcz_D0-E0,train
7xdk_D0-E0,train
7xdk_H0-I0,train
7xdk_N0-O0,train
7xcz_B0-C0,train
7xda_B0-C0,train
7xdk_F0-G0,train
7xdk_K0-J0,train
7xdk_L0-M0,train
7xdl_E0-D0,train
7xdl_G0-F0,train
7xdl_I0-H0,train
7xd2_D0-J0,train
7xd2_E0-H0,train
7xd2_I0-L0,train
8h08_D0-J0,train
8h08_F0-H0,train
8h08_L0-P0,train
8h07_E0-J0,train
8h07_G0-H0,train
8h07_M0-P0,train
7xda_D0-E0,train
7xdb_D0-E0,train
7xdb_G0-F0,train
7xdb_I0-H0,train
7xdl_M0-L0,train
7xh8_B0-C0,train
7xic_E0-F0,train
7xic_H0-I0,train
7xic_K0-L0,train
7xil_H0-L0,train
7xik_H0-L0,train
7xj6_E0-D0,train
7xj6_G0-F0,train
7xj6_I0-H0,train
7xj8_G0-F0,train
7xj8_I0-H0,train
7xj9_G0-F0,train
7xj9_I0-H0,train
7wwj_G0-F0,train
7wwj_I0-H0,train
7wwk_G0-F0,train
7wwk_I0-H0,train
7xj6_K0-J0,train
7xj8_K0-J0,train
7xj9_K0-J0,train
7tqa_H0-L0,train
7tqa_C0-D0,train
7tqa_A0-B0,train
7tqb_H0-L0,train
7xst_H0-I0,train
7xst_L0-M0,train
7xst_D0-E0,train
7xmz_D0-E0,train
7xmz_H0-L0,train
7xmz_G0-I0,train
7xst_N0-O0,train
7xst_J0-K0,train
7xst_F0-G0,train
7xod_U0-V0,train
7wpe_U0-V0,train
7wpf_U0-V0,train
7wrv_U0-V0,train
8w86_E0-F0,unassigned
8w86_A0-B0,valid
1uj3_B0-A0,test
2dd8_H0-L0,train
2g75_A0-B0,train
2g75_C0-D0,train
3w9e_A0-B0,train
3w9d_A0-B0,train
3w9d_C0-D0,train
4k23_H0-L0,train
5aze_H0-L0,train
5b3n_A0-A1,train
5cil_H0-L0,train
3h3p_H0-L0,train
3h3p_I0-M0,train
3lh2_J0-N0,train
3lh2_H0-L0,train
3lh2_I0-M0,train
3lh2_K0-O0,train
3lhp_H0-L0,train
3lhp_I0-M0,train
1tzg_H0-L0,train
1tzg_I0-M0,train
4wy7_H0-L0,train
4xaw_H0-L0,train
4xbe_H0-L0,train
4xbg_H0-L0,train
4xbg_A0-B0,train
4xbg_C0-D0,train
4xbg_E0-F0,train
4xbg_G0-I0,train
4xbg_J0-K0,train
4xbp_H0-L0,train
4xbp_A0-B0,train
4xbp_C0-D0,train
4xbp_E0-F0,train
2fx8_H0-L0,train
2fx8_I0-M0,train
2fx8_J0-N0,train
2fx8_K0-O0,train
4xc3_H0-L0,train
4ngh_H0-L0,train
4llv_A0-B0,train
4llv_C0-D0,train
4llv_E0-F0,train
4llv_H0-L0,train
4xc1_H0-L0,train
5cip_H0-L0,train
5cip_A0-B0,train
4nhc_H0-L0,train
2fx7_H0-L0,train
2fx9_H0-L0,train
2fx9_I0-M0,train
4xcc_H0-L0,train
4xce_H0-L0,train
4xce_A0-B0,train
4xce_C0-D0,train
4xcf_H0-L0,train
4xcn_H0-L0,train
4xcn_A0-B0,train
4xcn_C0-D0,train
4xcn_E0-F0,train
4xcn_G0-I0,train
4xcn_J0-K0,train
7ekb_H0-L0,train
5cin_H0-L0,valid
7ekk_H0-L0,valid
5gjt_H0-L0,train
5gjs_H0-L0,train
5gmq_B0-C0,train
5ig7_G0-H0,train
5ig7_A0-B0,train
5ig7_D0-E0,train
5ig7_J0-K0,train
5ifj_G0-H0,train
5ifj_A0-B0,train
5ifj_D0-E0,train
5ifj_J0-K0,train
5ihz_A0-B0,train
5ihz_C0-D0,train
5ihz_E0-F0,train
5ihz_H0-L0,train
4n0y_H0-L0,train
4n90_D0-E0,train
4n90_H0-I0,train
4n90_F0-G0,train
4n9g_A0-B0,train
4n9g_E0-F0,train
4n9g_H0-L0,train
4n9g_M0-N0,train
4nja_H0-L0,train
4nj9_H0-L0,train
4nko_F0-E0,train
4nko_B0-A0,train
4nko_D0-C0,train
4nm4_H0-L0,train
4nm4_I0-M0,train
4nnp_X0-Y0,train
4nnp_H0-L0,train
4np4_I0-M0,train
4np4_H0-L0,train
4nrx_A0-B0,train
4nrx_H0-L0,train
4nrx_D0-E0,train
4nry_H0-L0,train
4nry_A0-B0,train
4nrz_A0-B0,train
4nrz_H0-L0,train
4nuj_B0-A0,train
4nwt_H0-L0,valid
4nwu_H0-L0,train
6a0x_A0-B0,train
6a0x_C0-D0,train
6a0x_E0-F0,train
6a0x_G0-H0,train
6a0z_H0-L0,train
4bkl_A0-B0,train
4buh_B0-B1,unassigned
4buh_A0-A1,test
4bz1_H0-L0,train
4bz2_H0-L0,train
4ybq_F0-E0,train
4ybq_D0-C0,train
5ggq_H0-L0,train
5ggr_A0-B0,train
5ggr_H0-L0,train
5wt9_H0-L0,train
5gis_H0-L0,train
5gir_H0-L0,train
5gir_A0-B0,train
7s6k_H0-L0,train
7s6k_C0-D0,train
7s6k_F0-G0,train
7sbu_H0-L0,train
7s7i_H0-L0,train
7s7i_I0-M0,train
7s7i_J0-N0,train
7s7i_U0-V0,train
7s7i_W0-X0,train
7s7i_Y0-Z0,train
6mb3_H0-L0,train
6mb3_A0-K0,train
6mb3_B0-M0,train
6mb3_C0-N0,train
6mb3_D0-O0,train
6mb3_F0-P0,train
6mb3_G0-Q0,train
6mb3_I0-R0,train
6mb3_J0-S0,train
8dyx_H0-L0,train
8dyx_A0-B0,train
8dyx_C0-D0,train
8dyx_E0-F0,train
8dyx_M0-N0,train
8dyx_O0-P0,train
8dyx_Q0-R0,train
8dyx_S0-T0,train
8dyx_U0-V0,train
8dyx_W0-X0,train
8dyx_Y0-Z0,train
6axk_A0-B0,train
6med_A0-B0,train
6med_C0-D0,train
6med_G0-I0,train
6mei_H0-L0,train
6mej_H0-L0,train
6mek_H0-L0,train
6mek_B0-D0,train
6meg_H0-L0,train
6mej_A0-B0,train
6mek_F0-E0,train
6mek_I0-G0,train
6mhr_A0-B0,train
6mhr_D0-E0,train
6mlk_H0-L0,train
6mnq_H0-L0,train
6mnr_H0-L0,train
6mns_H0-L0,train
6mns_A0-B0,train
1nak_I0-M0,train
1nak_H0-L0,train
1nbv_H0-L0,train
1cbv_H0-L0,train
1nc2_B0-A0,train
1nc2_D0-C0,train
1nc4_B0-A0,train
1nc4_D0-C0,train
1nca_H0-L0,train
1ncb_H0-L0,train
1ncc_H0-L0,train
1ncd_H0-L0,train
1ndg_B0-A0,train
1ndm_B0-A0,train
1nfd_H0-G0,train
1nfd_F0-E0,train
8smi_H0-L0,train
8wsq_A0-B0,train
7wcr_a0-b0,train
7wcz_a0-b0,train
7wd0_a0-b0,train
7wd0_c0-d0,train
7wd7_a0-b0,train
7wd7_c0-d0,train
7wd7_e0-f0,train
7wcu_A0-B0,train
7wcp_D0-E0,train
7wcp_H0-L0,train
7wcp_M0-N0,train
7wk9_c0-d0,train
7wk9_a0-b0,train
8gtp_H0-L0,train
8gtp_I0-M0,train
8gtp_J0-N0,train
7wea_H0-L0,train
7wea_G0-I0,train
7wec_G0-J0,train
7wec_H0-L0,train
7wec_I0-K0,train
7wed_H0-L0,train
7we8_H0-L0,train
7wh8_B0-A0,train
7whb_D0-E0,train
7whb_G0-H0,train
7whb_J0-K0,train
7whd_D0-E0,train
7whd_G0-H0,train
7whd_J0-K0,train
7whz_C0-E0,train
7whz_B0-D0,train
7whz_H0-L0,train
7wjy_B0-C0,train
7wjy_E0-F0,train
7wjz_A0-C0,train
7wjz_D0-N0,train
7wjz_E0-O0,train
7wjz_F0-P0,train
7wjz_G0-Q0,train
7wjz_H0-R0,train
7wk0_A0-B0,train
7wk0_D0-E0,train
7wkx_B0-D0,train
7wkx_A0-C0,train
7zfb_A0-B0,train
7zfb_C0-D0,train
7zfc_H0-L0,train
7zfb_H0-L0,train
7zfb_J0-K0,train
7zfc_A0-B0,train
7wn8_P0-Q0,train
7wn8_H0-L0,train
7wnb_H0-L0,train
8i5h_H0-L0,train
8i5h_B0-C0,train
8i5h_E0-F0,train
7yow_H0-L0,train
7yow_B0-A0,train
7wo5_D0-E0,train
7wo5_F0-G0,train
7wo5_H0-I0,train
7qxc_HHH0-LLL0,train
7r58_H0-L0,train
7r87_C0-D0,train
7r88_C0-D0,train
7r89_C0-D0,train
7r8a_C0-D0,train
7r8b_C0-D0,train
7r8l_H0-L0,train
7n3h_H0-L0,train
7r8o_H0-L0,train
7r8o_M0-N0,train
7r8o_O0-P0,train
7ra8_H0-L0,train
7ra8_C0-D0,train
7ra8_F0-G0,train
7m7w_A0-B0,train
7m7w_H0-L0,train
7rai_J0-N0,train
7rai_H0-L0,train
7rai_I0-M0,train
7tb8_D0-E0,train
7tb8_F0-G0,train
7tb8_J0-K0,train
7tbf_D0-E0,train
2c1p_B0-A0,train
2c1p_H0-L0,train
2c1o_B0-A0,train
2c1o_H0-L0,train
4hdi_B0-A0,train
4hdi_H0-L0,train
5w4l_B0-C0,train
5w4l_D0-E0,train
5yoy_G0-D0,train
5yoy_H0-E0,train
5yoy_I0-F0,train
5yoy_P0-M0,train
5yoy_Q0-N0,train
5yoy_R0-O0,train
5zs0_B0-A0,train
6ikm_a0-a1,train
6ikm_n0-n1,train
6ikm_b0-b1,train
6ikm_o0-o1,train
6ikm_c0-c1,train
6ikm_p0-p1,train
6ikm_d0-d1,train
6ikm_q0-q1,train
6ikm_e0-e1,train
6ikm_r0-r1,train
6ikm_f0-f1,train
6ikm_g0-g1,train
6ikm_h0-h1,train
6ikm_i0-i1,train
6ikm_j0-j1,train
6ikm_k0-k1,train
6ikm_l0-l1,train
6ikm_m0-m1,train
6kn9_D0-D1,train
6kn9_E0-E1,train
6kn9_F0-F1,train
6cmi_D0-C0,train
6cmg_C0-B0,train
6cnj_G0-F0,train
6cnj_I0-H0,train
6cnj_K0-J0,train
6ct7_A0-B0,valid
6ct7_H0-L0,unassigned
5tkj_A0-B0,train
5tkj_D0-E0,train
5tkj_G0-H0,train
5tkj_J0-K0,train
6cvk_B1-B0,train
6cvk_A1-A0,train
6cwd_B1-B0,train
6cwd_A1-A0,train
6cwd_E1-E0,train
6cwd_G1-G0,train
6cw2_A0-B0,train
6cw3_A0-B0,valid
6cw3_C0-D0,unassigned
6cwt_C0-D0,train
6cwt_A0-B0,train
6cyf_D0-C0,train
6cyf_M0-L0,train
6cyf_F0-E0,train
6cyf_U0-T0,train
6d01_A0-B0,train
6d01_C0-D0,train
6d01_E0-F0,train
6d01_G0-H0,train
6d0x_A0-B0,valid
6d11_A0-B0,train
6d11_C0-D0,train
6d2p_H0-L0,train
7ubs_H0-H1,train
7ubs_I0-I1,train
7ubs_J0-J1,train
7ubs_K0-K1,train
8db4_G0-H0,train
8db4_A0-B0,train
8db4_I0-J0,train
8db4_C0-D0,train
2v7h_H0-L0,train
2v7h_B0-A0,train
2vq1_F0-E0,train
2vq1_B0-A0,train
3ffd_A0-B0,train
4hkx_A0-B0,train
5xwd_H0-D0,train
6jjp_D0-E0,train
6jjp_A0-B0,train
4r7n_A0-B0,train
4r7n_C0-D0,train
4r7n_E0-F0,train
4r7n_G0-H0,train
4r7n_I0-J0,train
4r7n_K0-L0,train
4r7n_M0-N0,train
4r7n_O0-P0,train
4r7n_S0-T0,train
4r7n_Q0-R0,train
5grj_H0-L0,train
4nki_H0-L0,train
5te4_H0-L0,unassigned
5te6_H0-L0,unassigned
5te7_H0-L0,valid
6nm6_U0-V0,unassigned
5tf1_H0-L0,valid
5tfs_H0-L0,train
5tgb_H0-L0,train
5tgb_A0-B0,train
5th9_H0-L0,train
5th9_I0-M0,train
5th9_J0-N0,train
5tkk_H0-L0,train
5tl5_H0-L0,train
5tlj_B0-A0,train
5tlj_F0-E0,train
5tlk_B0-A0,train
5tlk_F0-E0,train
5tlj_H0-G0,train
5tlj_D0-C0,train
5tlk_H0-G0,train
5tlk_D0-C0,train
5tpn_H0-L0,train
5tpw_H0-L0,train
5tq0_H0-L0,train
5tq2_H0-L0,train
5trp_H0-L0,train
5tud_C0-B0,train
5tud_F0-E0,train
7srs_Q0-P0,train
5ty6_H0-L0,train
5tz2_H0-L0,train
5tzt_H0-L0,train
5tzt_A0-B0,train
5u0r_H0-L0,train
5u3j_H0-L0,train
5u3k_H0-L0,train
5u3k_A0-B0,train
5u3l_H0-L0,train
5u3l_A0-B0,train
5u3n_H0-L0,train
5u3m_H0-L0,train
1dzb_B0-B1,train
1dzb_A0-A1,train
3rkd_D0-C0,train
3rkd_H0-L0,train
5en2_A0-B0,train
7str_H0-L0,train
7sts_H0-L0,test
7sts_A0-B0,unassigned
7sue_H0-L0,train
7sue_B0-A0,train
7sue_F0-E0,train
7sue_I0-G0,train
7n6p_H0-L0,train
7n6p_A0-B0,train
7s5r_B0-C0,train
7tcq_A0-B0,train
7tcq_H0-L0,train
1nsn_H0-L0,train
1oak_H0-L0,train
1fns_H0-L0,train
6vbo_H0-L0,train
7dm2_H0-L0,train
7doh_H0-L0,train
7dq7_H0-L0,train
7x3c_F0-E0,train
7e23_B0-C0,train
7e3o_H0-L0,train
7cai_E0-D0,train
7cai_G0-F0,train
7cwn_E0-D0,train
7cwn_H0-N0,train
7cwn_O0-M0,train
7cws_E0-D0,train
7cws_G0-F0,train
7cws_I0-H0,train
7cwn_K0-I0,train
7cwn_L0-J0,train
7cwn_G0-F0,train
7cwu_H0-L0,train
7cwu_M0-R0,train
7cwu_O0-S0,train
7cws_P0-M0,train
7cws_L0-C0,train
7cws_N0-K0,train
7cwu_P0-I0,train
7cwu_N0-G0,train
7cwu_J0-F0,train
7cyp_G0-F0,train
7cyp_I0-H0,train
7cyp_E0-D0,train
7e72_C0-D0,valid
7e72_A0-B0,unassigned
7ldd_L0-L1,train
7ldd_I0-I1,train
7ldd_K0-J0,train
7ldd_N0-M0,train
1fai_H0-L0,train
2f19_H0-L0,train
3vrl_E0-F0,train
3vrl_H0-L0,train
8caf_D0-C0,train
8caf_B0-A0,train
8hc5_D0-E0,train
8hc5_H0-L0,train
8hit_A0-B0,train
8hpj_E0-F0,train
8hpj_B0-C0,train
8hrh_A0-B0,train
8ib1_B0-A0,train
3ve0_A0-B0,train
3s88_H0-L0,train
6dfj_H0-L0,valid
6dfi_H0-L0,unassigned
6dw2_B0-A0,train
6foe_H0-L0,train
6foe_A0-B0,train
6p50_H0-L0,train
6p4y_H0-L0,train
6peh_H0-L0,train
6peh_A0-B0,train
6p67_A0-B0,train
6p67_C0-D0,train
6p67_E0-F0,train
6p67_H0-L0,train
6p79_H0-L0,train
6p8d_D0-E0,train
6p8d_A0-B0,train
6p8n_B0-D0,train
6p8n_H0-L0,train
7s8h_H0-L0,train
8dmh_F0-E0,train
8dmh_H0-G0,train
8dmh_J0-I0,train
6p95_F0-G0,train
6p95_H0-L0,train
6p95_D0-E0,train
7rk2_D0-D1,train
7rk2_C0-C1,train
7rks_H0-L0,train
7rks_I0-M0,train
7rkv_D0-H0,train
7rkv_E0-F0,train
7rkv_G0-L0,train
7rku_E0-F0,train
7rku_G0-I0,train
7rku_H0-L0,train
7rku_J0-K0,train
7rnj_H0-L0,train
7rpt_A0-B0,train
7rpt_C0-D0,train
7rpt_E0-F0,train
7rpt_G0-H0,train
7rpu_A0-B0,train
3nh7_I0-M0,train
3nh7_J0-N0,train
3nh7_K0-O0,train
3nh7_H0-L0,train
7n0a_B0-A0,train
8dcm_A0-B0,train
8dv6_C0-L0,train
8dv6_H0-D0,train
8dwo_S0-T0,train
8dwo_U0-V0,train
8dwo_H0-L0,train
8dww_H0-L0,train
8dww_Z0-Y0,train
8dwx_V0-U0,train
8dwx_X0-W0,train
8dwx_Z0-Y0,train
8dwx_H0-L0,train
8dyt_H0-L0,train
8dyt_A0-B0,train
8dyt_C0-D0,train
8dyt_E0-F0,train
8dyt_M0-N0,train
8dyt_O0-P0,train
8dyt_Q0-R0,train
8dyt_S0-T0,train
4nzu_H0-L0,train
4ptu_B0-A0,train
4ptt_B0-A0,train
4rgo_H0-L0,train
4rgn_B0-C0,train
4rgn_H0-L0,train
4s1r_H0-L0,train
5ibt_H0-L0,train
5ibu_H0-L0,train
5ibu_G0-B0,train
6b08_C0-B0,valid
6b0e_B0-A0,train
6b0w_H0-L0,train
6b0s_H0-L0,train
6cse_A0-B0,train
6cse_H0-L0,train
6csf_A0-B0,train
6csf_H0-L0,train
6fxn_D0-E0,train
6fxn_F0-G0,train
6fxn_H0-I0,train
6fxn_M0-N0,train
6fxn_O0-P0,train
6fxn_Q0-R0,train
5y9j_H0-L0,train
5y9k_H0-L0,train
6rco_A0-B0,train
6rco_C0-D0,train
6vmj_B0-A0,train
6vmj_F0-E0,train
6vmj_J0-I0,train
6vmj_M0-L0,train
6vmk_B0-A0,train
6vmk_E0-D0,train
6vmk_i0-h0,train
6vmk_H0-G0,train
6vmk_l0-k0,train
6vmk_K0-J0,train
6vmk_o0-n0,train
6vmk_P0-O0,train
6vmk_r0-q0,train
6vmk_S0-R0,train
6vmk_u0-t0,train
6vmk_V0-U0,train
6vmk_Z0-Y0,train
6vmk_M0-L0,train
6vmk_c0-b0,train
6vmk_f0-e0,train
6vsr_A0-B0,train
6vn1_H0-L0,train
6vn1_I0-M0,train
6vn1_J0-N0,train
6vos_H0-L0,train
6vor_A0-B0,train
6vor_C0-D0,train
6vrq_H0-L0,train
8bg2_C0-C1,train
8bg2_A0-A1,train
1fbi_H0-L0,train
1fbi_Q0-P0,train
6lz4_D0-E0,train
6lz4_A0-B0,train
7lyw_A0-B0,train
7lyw_C0-D0,train
7lyw_H0-L0,train
7m1c_H0-L0,train
7m3i_H0-L0,train
7m3i_A0-B0,train
7m42_B0-A0,train
7m42_D0-C0,train
7m6d_H0-L0,train
7m6e_D0-C0,train
7m6e_F0-G0,train
7m6e_H0-L0,train
7m7w_E0-F0,train
7m7w_C0-D0,train
7m8j_H0-L0,train
7mdu_H0-L0,train
7mem_H0-L0,train
7mem_G0-J0,train
7mem_I0-K0,train
7t3d_C0-D0,train
7t3d_J0-M0,train
7t3d_K0-N0,train
7mep_H0-L0,train
5i1a_B0-A0,train
5i1a_H0-L0,train
7ti6_H0-L0,train
6ca9_D0-C0,train
6ca9_B0-A0,train
7xsa_H0-I0,train
7xsa_B0-C0,train
7xsc_D0-H0,train
7xsc_A0-B0,train
2xwt_A0-B0,train
7wpv_H0-L0,train
7y0v_H0-L0,train
7y0w_A0-B0,train
7y1b_H0-L0,train
7y3j_H0-L0,train
7y6k_E0-E1,train
7yc5_D0-D1,train
7yc5_E0-E1,train
7yc5_F0-F1,train
7y6k_J0-I2,train
7yc5_G0-D2,train
7yc5_H0-E2,train
7yc5_I0-F2,train
7y6l_H0-L0,train
1lmk_A0-C1,train
1lmk_C0-A1,train
1lmk_E0-G1,train
1lmk_G0-E1,train
1lo0_Y0-X0,train
1lo0_H0-L0,train
1lo2_Y0-X0,train
1lo2_H0-L0,train
1lo3_Y0-X0,train
1lo3_H0-L0,train
1lo4_H0-L0,train
1zea_H0-L0,train
1tet_H0-L0,train
4m6o_H0-L0,train
5tih_H0-L0,train
5tr8_H0-L0,train
6fgb_H0-L0,train
6ldw_B0-A0,train
6ldw_H0-L0,train
6lhp_H0-L0,train
6lhq_H0-L0,train
6lun_C0-D0,train
6lun_A0-B0,train
6lyn_H0-L0,train
6lyn_A0-B0,train
6lz9_H0-L0,train
2rcs_H0-L0,train
1aj7_H0-L0,train
2uud_J0-K0,train
2uud_H0-L0,train
2uyl_B0-A0,train
2uyl_N0-M0,train
2uyl_W0-V0,train
2uyl_Y0-X0,train
2v17_H0-L0,train
3l1o_H0-L0,train
2vh5_H0-L0,train
2uzi_H0-L0,train
2vxq_H0-L0,train
7ucx_H0-L0,test
7tl0_D0-E0,train
7tl0_F0-G0,train
7tl0_H0-I0,train
7tn9_C0-D0,train
7tn9_A0-B0,train
7tn9_E0-F0,train
7tn9_M0-N0,train
7tn9_Q0-R0,train
7tn9_O0-P0,train
7tn9_G0-H0,train
7tn9_I0-J0,train
7tp4_H0-L0,test
7tpj_H0-L0,train
7tpg_H0-L0,train
7tuh_H0-L0,train
7tuh_A0-B0,train
7zlg_H0-L0,train
7zlh_H0-L0,train
7zli_H0-L0,train
7zmk_S0-T0,train
7zmk_B0-C0,train
7zmk_E0-F0,train
7zmk_G0-H0,train
7zmk_J0-K0,train
7zmk_M0-N0,train
7zmk_P0-Q0,train
7zmk_V0-W0,train
7zoz_H0-L0,train
7zqt_G0-H0,train
7zqt_C0-D0,train
4qxg_H0-L0,train
4r97_C0-B0,train
4rav_C0-D0,train
4rav_A0-B0,train
4rgm_H0-L0,train
4rgm_C0-B0,train
4rgn_F0-G0,train
4rgn_D0-E0,train
4rir_H0-L0,train
4rir_A0-B0,train
4ris_H0-L0,train
4rnr_C0-D0,train
4rnr_A0-B0,train
4rwy_H0-L0,valid
4rx4_A0-D0,train
4rx4_H0-L0,train
4rzc_H0-L0,train
4rzc_A0-B0,train
4rzc_C0-D0,train
4rzc_E0-F0,train
4s1d_C0-D0,train
4s1d_E0-F0,train
4s1d_H0-L0,train
4s1d_O0-P0,train
4s1q_H0-L0,train
4s1s_H0-L0,train
7t3d_H0-L0,train
7t3d_O0-Q0,train
7t3d_P0-R0,train
7t3m_D0-L0,train
7t3m_H0-J0,train
7t3m_I0-K0,train
7t2p_H0-L0,train
7t4q_F0-G0,train
7t4q_I0-H0,train
7t4q_J0-K0,train
7t4r_G0-H0,train
7t4r_P0-Q0,train
7t4s_J0-K0,train
7lbe_F0-E0,train
7lbf_F0-E0,train
7lbg_F0-E0,train
7t5o_H0-L0,train
8dxu_A0-B0,train
7u8g_D0-E0,train
7l5b_H0-L0,train
7l7r_D0-C0,train
7la4_H0-L0,train
7laa_H0-L0,train
7ley_D0-E0,train
7ley_G0-F0,train
7ley_H0-I0,train
7lfa_H0-L0,valid
7lfa_B0-D0,unassigned
7lk4_F0-E0,train
7lk9_H0-L0,train
7lk9_A0-B0,train
7lk9_C0-D0,train
7lk9_M0-N0,train
7jr7_E0-F0,train
7jtf_C0-D0,train
7jtf_A0-B0,train
7jtg_A0-B0,train
7jtr_B0-B1,train
7jtr_D0-D1,train
7jtr_F0-F1,train
7jtr_H0-H1,train
7jwp_A0-B0,unassigned
7jwp_C0-D0,unassigned
7jwp_E0-F0,unassigned
7jwp_G0-H0,unassigned
7jwp_I0-J0,unassigned
7jwp_K0-L0,unassigned
7jwp_M0-N0,unassigned
7jwp_O0-P0,unassigned
7jwq_A0-B0,valid
7jwq_C0-D0,unassigned
7jxc_H0-L0,train
7jx3_C0-D0,train
7jxe_H0-L0,train
7r6w_H0-L0,train
7kra_I0-J0,train
7uvo_A0-B0,train
4dke_I0-M0,train
4dke_H0-L0,train
4dkf_I0-M0,train
4dkf_H0-L0,train
4dn4_H0-L0,train
4dn3_H0-L0,train
4dtg_H0-L0,valid
5gzo_H0-L0,train
5gzo_C0-D0,train
5hdq_H0-L0,train
6vel_H0-L0,train
7mf1_H0-L0,train
7u9g_G0-D0,train
7u9g_I0-F0,train
7u9g_H0-E0,train
7u9o_H0-L0,train
7u9p_H0-L0,train
4oga_C0-D0,train
6veq_C0-D0,train
6veq_I0-J0,train
7kd6_C0-D0,train
7kd6_I0-J0,train
7kd6_O0-P0,train
7kd6_U0-V0,train
5j3h_C0-D0,train
6vep_C0-D0,train
6vep_I0-J0,train
6vep_O0-P0,train
6vep_U0-V0,train
4zxb_A0-B0,train
4ogy_H0-L0,train
4ogy_M0-N0,train
4pub_H0-L0,train
4ogx_H0-L0,train
5mth_H0-L0,train
5mth_A0-B0,train
5mvj_H0-L0,train
5mvj_A0-B0,train
5mvj_C0-D0,train
5mvj_E0-F0,train
5mx3_H0-L0,train
5mx3_A0-B0,train
5mp1_H0-L0,train
5mp1_C0-D0,train
5mp1_F0-G0,train
5mp1_J0-K0,train
5mo3_H0-L0,train
5mp5_H0-L0,train
5mp5_A0-B0,train
5mp5_C0-D0,train
5mp5_E0-F0,train
5mp3_H0-L0,train
5mp3_A0-B0,train
5muq_H0-L0,train
5muq_A0-B0,train
6idh_H0-L0,train
3vw3_H0-L0,train
6kdh_H0-L0,train
6kdi_H0-L0,train
6idg_H0-L0,train
6whk_C0-B0,train
3opz_H0-L0,train
3opz_I0-M0,train
3opz_J0-N0,train
3oz9_H0-L0,train
3p0v_H0-L0,unassigned
3p0v_I0-M0,unassigned
3p0y_H0-L0,valid
3p30_H0-L0,train
3pgf_H0-L0,train
3piq_H0-L0,train
3piq_A0-B0,train
3piq_C0-D0,train
3piq_E0-F0,train
3piq_G0-I0,train
3piq_J0-K0,train
3q6f_H0-G0,train
3q6f_B0-A0,train
3q6f_D0-C0,train
3q6f_F0-E0,train
3q6f_J0-I0,train
3q6f_L0-K0,train
3pp3_H0-L0,train
3pp3_I0-K0,train
3pp4_H0-L0,train
3q3g_D0-C0,train
3q3g_B0-A0,train
3q3g_H0-F0,train
3q3g_K0-J0,train
3qa3_B0-A0,train
3qa3_K0-J0,train
3qa3_D0-C0,train
3qa3_H0-F0,train
3q6g_I0-M0,train
3q6g_H0-L0,train
3qct_H0-L0,train
3qcu_H0-L0,train
3qcu_I0-M0,train
3qcv_H0-L0,train
3qcv_I0-M0,train
3qeh_A0-B0,train
3qeh_C0-D0,train
3qeh_E0-F0,train
3qeh_G0-H0,train
3qg6_B0-A0,train
3qg6_H0-L0,train
3qg7_H0-L0,train
3qhf_H0-L0,train
3qnz_B0-A0,train
3qo0_B0-A0,train
3qo1_B0-A0,train
3m8o_H0-L0,train
3qny_B0-A0,train
3qny_D0-C0,train
3qnx_B0-A0,train
3qpq_H0-L0,train
3qpq_F0-E0,train
3qpq_D0-C0,train
3qpq_J0-I0,train
4leo_A0-B0,train
4okv_C0-D0,train
4okv_A0-B0,train
4olu_H0-L0,train
4olv_H0-L0,train
4olw_H0-L0,train
4olx_H0-L0,train
4oly_H0-L0,train
4olz_H0-L0,train
4om1_H0-L0,train
4om0_H0-L0,train
5nbi_H0-L0,train
6iut_H0-L0,train
7chc_A0-B0,train
7e8c_K0-I0,train
7e8c_M0-J0,train
7e8c_a0-Z0,train
7e8f_C0-B0,train
7che_A0-B0,train
7chf_A0-B0,train
7chh_D0-E0,train
7chh_J0-K0,train
7chh_G0-H0,train
6suz_H0-L0,train
2w9e_H0-L0,train
6sv2_H0-L0,train
2w9d_H0-L0,train
7a69_C0-B0,train
7a6f_C0-B0,train
1bln_B0-A0,train
1bln_D0-C0,train
7qt0_A0-B0,train
7qt0_C0-D0,train
7qt0_E0-F0,train
7qt0_G0-H0,train
7qt0_I0-J0,train
7qt0_K0-L0,train
7qt2_C0-D0,train
7qt2_A0-B0,train
7wlw_H0-L0,train
4m48_H0-L0,train
4xp6_H0-L0,train
8gnk_H0-L0,train
6m0f_H0-L0,train
4xp9_H0-L0,train
6m47_H0-L0,train
7wgd_H0-L0,train
6m2r_H0-L0,train
7wgt_H0-L0,train
4xnu_H0-L0,train
4xnx_H0-L0,train
4xp1_H0-L0,train
4xp4_H0-L0,train
4xp5_H0-L0,train
4xpa_H0-L0,train
4xpb_H0-L0,train
4xpf_H0-L0,train
4xpg_H0-L0,train
4xph_H0-L0,train
4xpt_H0-L0,train
6m0z_H0-L0,train
6m38_H0-L0,train
6m3z_H0-L0,train
1cfn_B0-A0,train
1bog_B0-A0,train
1hi6_B0-A0,train
1cfs_B0-A0,train
1cft_B0-A0,train
1hh9_B0-A0,train
1hh6_B0-A0,train
1cfq_B0-A0,train
1uz6_F0-E0,train
1uz6_H0-L0,train
1uz6_P0-M0,train
1uz6_W0-V0,train
1uz8_B0-A0,train
1uz8_H0-L0,train
1w72_I0-M0,train
1w72_H0-L0,train
5iop_B0-A0,train
5iop_D0-C0,train
5ff6_B0-A0,train
5ff6_D0-C0,train
5t1l_B0-A0,train
5t1l_D0-C0,train
5t1m_B0-A0,train
5t1m_D0-C0,train
5hpm_B0-A0,train
5hpm_D0-C0,train
5ivz_B0-A0,train
5ivz_D0-C0,train
4gw1_D0-C0,train
4gw1_B0-A0,train
6axp_B0-A0,train
6axp_D0-C0,train
5t1k_B0-A0,train
5t1k_D0-C0,train
5hyq_B0-A0,train
5hyq_D0-C0,train
4kro_D0-C0,train
4krp_D0-C0,train
5iv2_B0-A0,train
5iv2_D0-C0,train
6ayn_B0-A0,train
6ayn_D0-C0,train
5id0_B0-A0,train
5id0_D0-C0,train
6azk_B0-A0,train
6azk_D0-C0,train
5itf_B0-A0,train
5itf_D0-C0,train
5th2_B0-A0,train
5th2_D0-C0,train
5f88_B0-A0,train
5f88_D0-C0,train
6au5_B0-A0,train
6au5_D0-C0,train
6azl_B0-A0,train
6azl_D0-C0,train
5icy_D0-C0,train
5icy_B0-A0,train
5icz_B0-A0,train
5icz_D0-C0,train
5id1_B0-A0,train
5id1_D0-C0,train
5i2i_B0-A0,train
5i2i_D0-C0,train
4gw5_B0-A0,train
4gw5_D0-C0,train
5etu_B0-A0,train
5etu_D0-C0,train
5euk_B0-A0,train
5euk_D0-C0,train
5icx_B0-A0,train
5icx_D0-C0,train
5ir1_D0-C0,train
5ir1_B0-A0,train
5esq_B0-A0,train
5esq_D0-C0,train
6e4z_H0-L0,train
6mv5_H0-L0,train
6e4y_H0-L0,train
6id4_H0-L0,train
6id4_C0-D0,train
6j15_A0-B0,train
6j15_H0-L0,train
6ldx_H0-L0,train
6ldy_H0-L0,train
6ldy_A0-B0,train
6mfp_H0-L0,train
6mfp_C0-D0,train
6mfj_H0-L0,train
6mfj_A0-B0,train
7n8q_H0-L0,train
7n8q_C0-D0,train
6u3i_H0-L0,train
6u2f_H0-L0,train
5vlp_H0-L0,train
7ch4_H0-L0,train
8hws_H0-L0,train
8hwt_H0-L0,train
7e8c_D0-E0,train
7e8c_N0-P0,train
7e8c_O0-Q0,train
7e8f_D0-E0,train
7chf_H0-L0,train
7cu5_A0-B1,train
7cu5_B0-A1,train
7dha_C0-B0,unassigned
7dun_H0-L0,valid
7duo_H0-L0,unassigned
7e88_A0-B0,train
7e88_D0-E0,train
7e88_G0-H0,train
7e88_J0-K0,train
7vsw_B0-A0,train
7vsw_F0-E0,train
7vsw_J0-I0,train
7vsw_N0-M0,train
7vsu_D0-C0,train
7vsu_B0-A0,train
7wbz_H0-L0,train
7wc0_H0-L0,train
7wc0_A0-B0,train
7wcd_E0-F0,train
7wcd_G0-I0,train
7wcd_A0-B0,train
7wg3_E0-A0,train
7wg3_F0-B0,train
7wg3_G0-C0,train
7wg3_H0-D0,train
7x08_H0-L0,train
7x08_I0-M0,train
7x08_J0-N0,train
7x3n_B0-A0,valid
7x3n_D0-C0,unassigned
7yiz_B0-A0,unassigned
7yiz_D0-C0,unassigned
7y0g_B0-A0,unassigned
7y0g_E0-D0,unassigned
7y0g_H0-G0,unassigned
7y0g_K0-J0,unassigned
8gv2_A0-B0,train
8gv1_A0-B0,train
3whx_A0-B0,train
3wfh_A0-B0,train
3wif_A0-B0,train
3we6_A0-B0,train
6qfc_B0-B1,train
6qb9_A0-A1,train
6qb9_X0-X1,train
6qbc_H0-L0,train
8av9_H0-L0,train
6fs0_H0-L0,train
6qb3_X0-X1,train
6qb4_X0-X1,train
6qb6_H0-L0,train
6qf6_A0-A1,train
6qf6_B0-B1,train
6qf6_C0-C1,train
6qf6_D0-D1,train
6qf9_A0-A1,train
6qf9_B0-B1,train
5mes_H0-L0,train
5mev_H0-L0,train
6qig_H0-L0,train
6qn7_A0-B0,train
6qn7_H0-L0,train
6qn8_H0-L0,train
6qn8_A0-B0,train
6qn8_C0-D0,train
6qn8_E0-F0,train
6qn8_G0-I0,train
6qn8_J0-K0,train
6qn9_H0-L0,train
6qna_H0-L0,train
6qna_A0-B0,train
6qna_C0-D0,train
6qna_E0-F0,train
6qu9_H0-L0,train
6qu9_A0-B0,train
6r0x_C0-D0,train
6r0x_A0-B0,train
6r2s_B0-A0,train
6rcq_A0-B0,train
6rlm_A0-B0,train
6rlm_I0-J0,train
6rlm_K0-L0,train
6rlm_M0-N0,train
6rlm_O0-P0,train
6rlm_C0-D0,train
6rlm_E0-F0,train
6rlm_G0-H0,train
6rlo_E0-F0,train
6rlo_A0-B0,train
6rlo_C0-D0,train
6rlo_G0-H0,train
7uvs_D0-E0,train
7uvs_A0-B0,train
1e4w_H0-L0,train
1e4x_H0-L0,train
1e4x_I0-M0,train
4hih_B0-A0,train
4hih_D0-C0,train
4hie_B0-A0,train
4hii_B0-A0,train
4hii_D0-C0,train
4hij_B0-A0,train
4hij_D0-C0,train
4r4b_H0-L0,train
4r4b_B0-A0,train
4r4b_D0-C0,train
4r4b_F0-E0,train
5i75_B0-C0,train
5i6x_B0-C0,train
5i71_B0-C0,train
5i73_B0-C0,train
5i74_B0-C0,train
6vrh_B0-C0,train
5i66_A0-B0,train
5u6a_B0-A0,train
5xhf_B0-A0,train
5xhf_D0-C0,train
6zqk_A0-A1,train
6zqk_C0-C1,train
5tdn_B0-A0,train
5tdn_D0-C0,train
5tdo_D0-C0,train
5tdo_B0-A0,train
5tdp_B0-A0,train
5tdp_D0-C0,train
6bah_B0-A0,train
5u5m_B0-A0,train
8ti4_H0-L0,train
4x4x_C0-D0,train
4ioi_B0-A0,train
6b9y_B0-A0,train
6bae_B0-A0,train
7pkl_H0-L1,train
6b9z_B0-A0,train
4hjg_B0-A0,train
5u5f_B0-A0,train
7mn8_D0-C0,train
1fvc_B0-A0,train
1fvc_D0-C0,train
1fvd_B0-A0,train
1fvd_D0-C0,train
1fve_B0-A0,train
1fve_D0-C0,train
6mh2_B0-A0,train
6mh2_D0-C0,train
1n8z_B0-A0,train
8tjf_H0-L0,train
8tjf_B0-A0,train
4hkz_B0-A0,train
5u3d_B0-A0,train
8q6j_B0-A0,train
6bhz_H0-L0,train
6bhz_I0-M0,train
6bi0_H0-L0,train
6bi0_I0-M0,train
6bi2_H0-L0,train
6bi2_I0-M0,train
7t97_A0-B0,train
7t97_C0-D0,train
7t97_E0-F0,train
7t97_H0-L0,train
7t98_A0-B0,train
7t98_H0-L0,train
7t99_A0-B0,train
7t99_C0-D0,train
7t99_E0-F0,train
7t99_H0-L0,train
5xhg_B0-A0,train
5xhg_D0-C0,train
4ub0_H0-L0,train
5xcs_A0-B0,train
5xcu_A0-B0,train
5xcu_D0-E0,train
5zia_G0-L0,train
5zia_A0-B0,train
5zia_D0-E0,train
5zia_H0-I0,train
5zia_K0-M0,train
5zia_O0-P0,train
6kva_H0-L0,train
6kva_h0-l0,train
6kvf_H0-L0,train
6kvf_A0-C0,train
6lra_H0-L0,train
7fgk_H0-L0,train
7fgj_H0-L0,train
7fgl_H0-L0,train
7fgr_H0-L0,train
7vtj_H0-L0,train
6x3t_J0-I0,train
6x3t_K0-L0,train
6x3u_J0-I0,train
6x3u_K0-L0,train
6x3v_J0-I0,train
6x3v_K0-L0,train
8dd2_J0-I0,train
8dd2_K0-L0,train
8sgo_J0-I0,train
8sgo_K0-L0,train
8sid_J0-I0,train
8sid_K0-L0,train
6x3w_J0-I0,train
6x3w_K0-L0,train
6x3x_J0-I0,train
6x3x_K0-L0,train
8si9_J0-I0,train
8si9_K0-L0,train
6x3z_J0-I0,train
6x3z_K0-L0,train
6x40_J0-I0,train
6x40_K0-L0,train
8dd3_J0-I0,train
8dd3_K0-L0,train
6x3s_J0-I0,train
6x3s_K0-L0,train
7epu_A0-A1,train
8ez7_H0-L0,train
8f60_A0-B0,train
7kzz_F0-E0,train
7kzz_D0-C0,train
8f6l_A0-B0,test
8f6x_D0-D1,train
8f6x_E0-E1,train
8f6x_F0-F1,train
8cw9_J0-B0,unassigned
8cw9_G0-M0,unassigned
8cw9_N0-O0,unassigned
7sem_B0-C0,test
7tl0_J0-K0,unassigned
7tl0_N0-O0,unassigned
7tl0_L0-M0,unassigned
7tjq_I0-M0,unassigned
7tjq_J0-K0,unassigned
7tjq_N0-O0,unassigned
8fab_D0-C0,train
8fab_B0-A0,train
1l7i_H0-L0,train
1s78_F0-E0,train
1s78_D0-C0,train
4llw_A0-B0,train
4llw_C0-D0,train
4lly_A0-B0,train
4lly_C0-D0,train
5vsh_A0-B0,train
5vsh_C0-D0,train
5vsh_E0-F0,train
5vsh_H0-L0,train
4llu_A0-B0,train
4llu_C0-D0,train
8q6j_D0-C0,train
8fg0_A0-B0,train
8fg0_C0-D0,train
8fgx_B0-A0,train
6mee_A0-B0,train
6mee_C0-D0,train
6meh_H0-L0,train
8g3m_E0-F0,train
8g3m_A0-D0,train
8g3m_C0-I0,train
8g3o_E0-F0,train
8g3o_A0-D0,train
8g3o_C0-I0,train
8g3p_C0-I0,train
8g3p_F0-J0,train
8g3p_G0-K0,train
8g3p_H0-L0,train
8g3n_E0-F0,train
8g3n_A0-D0,train
8g3n_B0-H0,train
8g3n_C0-I0,train
1ktr_L1-L0,train
1kyo_J0-K0,train
1kyo_U0-V0,train
4pd4_J0-K0,train
2ibz_X0-Y0,train
1kb9_J0-K0,train
1ezv_X0-Y0,train
3cx5_U0-V0,train
3cx5_J0-K0,train
3cxh_J0-K0,train
3cxh_U0-V0,train
1l7t_H0-L0,train
1vpo_H0-L0,train
3v4u_H0-L0,train
3uo1_H0-L0,train
3v52_H0-L0,train
3uyr_H0-L0,train
5epm_E0-F0,train
5epm_A0-B0,train
5erw_A0-B0,unassigned
5esa_A0-B0,unassigned
4jzn_A0-B0,unassigned
4jzn_C0-D0,unassigned
4jzn_I0-P0,valid
5n4g_H0-L0,train
6ev2_A0-B0,train
6ev2_E0-F0,train
6ev2_C0-D0,train
6ev2_G0-H0,train
6ev1_A0-B0,train
6ev1_C0-D0,train
6ev1_E0-F0,train
6ev1_G0-H0,train
6ev1_I0-J0,train
6ev1_K0-L0,train
6eyn_H0-L0,train
6eyn_B0-A0,train
6eyn_D0-C0,train
6f7t_H0-L0,train
6f7t_B0-A0,train
6fab_H0-L0,train
1jfq_H0-L0,train
6fax_H0-L0,train
6tkd_HHH0-LLL0,train
6tke_HHH0-LLL0,train
6tkf_HHH0-LLL0,train
6tkb_HHH0-LLL0,train
6tkb_III0-MMM0,train
6tkc_HHH0-LLL0,train
6fbj_H0-L0,train
8u2c_D0-C0,train
8u2c_F0-E0,train
8p7w_D0-G0,train
8p7w_F0-E0,train
5niv_B0-A0,train
8p8j_F0-E0,train
8p8j_D0-C0,train
8p8a_D0-C0,train
8p8a_F0-E0,train
6eti_D0-C0,train
6eti_F0-E0,train
7neq_D0-C0,train
7neq_F0-E0,train
7nez_D0-C0,train
7nez_F0-E0,train
6ffj_A0-A1,train
6ffj_C0-C1,train
6ffj_E0-E1,train
6ffj_G0-G1,train
6s2i_A0-B1,train
6s2i_C0-D1,train
6s2i_E0-F1,train
6s2i_G0-H1,train
6fg1_A0-D0,train
6fg1_H0-L0,valid
6fg2_H0-L0,unassigned
6fg2_I0-M0,unassigned
4irz_H0-L0,unassigned
6fg2_F0-G0,train
6fg2_D0-E0,train
6jmq_C0-D0,train
6x96_J0-K0,train
6x96_H0-L0,train
6x96_E0-F0,train
6cjk_B0-A0,train
6cjk_D0-C0,train
7ra7_H0-L0,train
7ra7_A0-B0,train
8cwk_A0-B0,train
8cwv_H0-L0,train
6xc2_H0-L0,train
6xc2_X0-Y0,train
8elp_H0-L0,train
8elq_H0-L0,train
8elo_H0-L0,train
6xc3_B0-A0,train
8cxg_H0-L0,train
8cxg_h0-l0,train
8cxg_10-20,train
7a3t_H0-L0,train
5lbs_H0-L0,train
5lbs_I0-M0,train
4uta_H0-L0,train
4uta_I0-M0,train
8cxh_H0-L0,train
8cxh_h0-l0,train
7a3o_H0-L0,train
7a3p_I0-M0,train
7a3p_H0-L0,train
7a3q_H0-L0,train
7a3q_I0-M0,train
7a3u_H0-L0,train
7v3g_I0-M0,train
7v3g_G0-H0,train
7a3n_H0-L0,train
7cth_I0-M0,train
7cth_H0-L0,train
4ut9_H0-L0,train
4ut9_I0-M0,train
4ut9_J0-N0,train
4ut9_K0-O0,train
8cz5_H0-L0,train
4h20_H0-L0,train
4h88_H0-L0,train
4yx2_H0-L0,train
4yxl_H0-L0,train
4yxh_H0-L0,train
4ma8_H0-L0,train
4ma7_H0-L0,train
4yxk_H0-L0,train
4dgi_H0-L0,train
5ye3_B0-A0,train
7x9e_C0-D0,train
7x9e_A0-B0,train
7ycz_D0-E0,train
7ycz_F0-G0,train
7ycz_H0-I0,train
7yd1_A0-B0,train
8d0a_H0-L0,train
6mtj_D0-E0,train
6mu8_D0-E0,train
5uty_D0-E0,train
4tvp_D0-E0,train
5cez_D0-E0,train
5fyj_D0-E0,train
5fyk_D0-E0,train
5fyl_D0-E0,train
5u7m_D0-E0,train
5u7o_D0-E0,train
5utf_D0-E0,train
5v7j_D0-E0,train
6vzi_D0-E0,train
6w03_D0-E0,train
6wix_D0-E0,train
7kmd_A0-E0,train
5w6d_D0-E0,train
6ck9_D0-E0,train
6mtn_D0-E0,train
6mu6_D0-E0,train
6mu7_D0-E0,train
6muf_D0-E0,train
6mug_D0-E0,train
6nm6_D0-E0,train
6nnf_D0-E0,train
6nnj_D0-E0,train
4toy_H0-L0,train
5cey_D0-C0,train
7kmd_H0-L0,train
8de4_B0-C0,train
6d9g_A0-B0,train
6d9g_C0-D0,train
7txt_C0-D0,train
7mgw_B0-C0,train
8de3_B0-C0,train
7li6_B0-C0,train
7lia_B0-C0,train
8ek5_E1-E0,train
8f2t_A0-B0,valid
8f2v_D0-C0,train
8f2v_B0-A0,train
8f2v_F0-E0,train
8r61_A0-B0,train
8r61_D0-E0,train
8r61_G0-H0,train
8r61_J0-K0,train
8r61_M0-N0,train
8r61_P0-Q0,train
5i8o_H0-L0,train
8t58_C0-B0,train
8t58_F0-E0,train
8t6i_H0-L0,train
8t8i_H0-L0,train
7ul3_H0-L0,train
7yuf_H0-L0,train
7yub_H0-L0,train
8t9y_H0-L0,train
7php_H0-L0,train
7yud_H0-L0,train
7rth_B0-A0,train
7rth_D0-C0,train
7rth_H0-G0,train
7rth_J0-I0,train
7rth_L0-K0,train
7rth_N0-M0,train
7rth_P0-O0,train
7rth_R0-Q0,train
7rth_F0-E0,train
8t9z_H0-L0,train
8x0t_H0-L0,train
6mef_H0-L0,train
4mwf_A0-B0,train
4mwf_H0-L0,train
6mqc_A0-B0,train
6mqc_H0-L0,train
6mqe_A0-B0,train
6mqe_H0-L0,train
6mtq_H0-L0,train
6ss6_III0-MMM0,unassigned
6ss6_HHH0-LLL0,unassigned
6ss6_JJJ0-NNN0,unassigned
6ss5_HHH0-LLL0,test
6z7x_B0-A0,train
6z7y_D0-C0,train
6z7y_B0-A0,train
6z7z_B0-A0,train
6z7z_D0-C0,train
6zec_H0-L0,train
5o14_C0-D0,train
5o14_H0-L0,train
5ur8_A0-B0,train
5o1r_I0-M0,unassigned
5o1r_H0-L0,unassigned
5nyx_H0-L0,valid
5nyx_M0-N0,unassigned
5nyx_O0-P0,unassigned
5o4g_B0-A0,train
5o4o_B0-A0,train
5ob5_H0-L0,test
5obf_H0-L0,train
5occ_H0-L0,train
6jbt_H0-L0,train
1nl0_H0-L0,train
6al4_B0-A0,train
6al4_D0-C0,train
6al4_F0-E0,train
6al5_H0-L0,train
6ss4_HHH0-LLL0,train
6ss0_HHH0-LLL0,train
6ss0_III0-MMM0,train
6y54_H0-L0,train
6y54_M0-N0,train
6y54_O0-P0,train
6y6c_C0-C1,valid
6y6c_D0-D1,unassigned
6ymq_A0-A1,unassigned
6ymq_B0-B1,unassigned
6ymq_C0-C1,unassigned
6ymq_D0-D1,unassigned
6ymq_E0-E1,unassigned
6ymq_F0-F1,unassigned
4kaq_H0-L0,train
2osl_H0-L0,train
2osl_A0-B0,train
6vja_H0-L0,train
6vja_I0-M0,train
3giz_H0-L0,valid
6y9b_H0-L0,train
6y9b_I0-M0,train
6y9b_J0-N0,train
6yax_III0-MMM0,train
6yax_HHH0-LLL0,train
6ye3_A0-B0,train
6ye3_D0-E0,train
6ye3_G0-H0,train
6yio_H0-L0,test
6ywd_A0-B0,train
3qwo_H0-L0,train
3qwo_A0-B0,train
3ixt_A0-B0,train
3ixt_H0-L0,train
5k8a_H0-L0,train
5k8a_V0-M0,train
5k8a_B0-A0,train
5k8a_F0-E0,train
4jlr_H0-L0,train
4jlr_A0-B0,train
6yxl_HHH0-LLL0,train
6yxm_HHH0-LLL0,train
6yye_D0-D1,train
6yye_C0-C1,train
6z2l_C0-B0,train
6z3p_H0-L0,train
6z3q_H0-L0,train
6z3k_H0-L0,train
6z3k_A0-B0,train
6z3k_C0-D0,train
6z3k_E0-F0,train
6z3k_G0-I0,train
6z3k_J0-K0,train
6z3k_M0-N0,train
6z3k_O0-P0,train
6z3k_Q0-R0,train
6z7w_B0-A0,train
6z7w_D0-C0,train
6z7w_F0-E0,train
6z7w_H0-G0,train
7kn3_M0-N0,valid
7kn3_H0-L0,unassigned
7kn4_M0-N0,train
7kn4_H0-L0,train
7mm0_H0-L0,train
7tb8_H0-L0,train
7tbf_H0-L0,train
2eh8_H0-L0,train
2eh7_H0-L0,train
2vxt_H0-L0,train
2vxu_H0-L0,train
2vxu_I0-M0,train
3bsz_N0-M0,train
3bsz_H0-L0,train
3dus_B0-A0,train
3dus_D0-C0,train
3dur_B0-A0,train
3dur_D0-C0,train
3duu_B0-A0,train
3duu_D0-C0,train
3dv4_B0-A0,train
3dv6_B0-A0,train
3dvn_B0-A0,train
3dvn_H0-L0,train
3dvg_B0-A0,train
8trs_A0-G0,train
8trt_A0-G0,train
8trt_B0-C0,train
8ts5_A0-G0,train
8ts5_B0-C0,train
4fqh_H0-L0,train
4fqh_A0-B0,train
4fqi_H0-L0,train
4nzt_H0-L0,train
4fqj_H0-L0,train
4fql_H0-L0,train
4fqq_H0-L0,train
4fqq_B0-A0,train
4fqq_D0-C0,train
4fqq_F0-E0,train
4lqf_H0-L0,train
4lri_P0-A0,train
4lri_C0-B0,train
7t4r_J0-I0,train
7t4r_S0-R0,train
7lbe_H0-G0,train
7lbf_H0-G0,train
7lbg_H0-G0,train
4m61_D0-C0,train
4m61_B0-A0,train
5i15_H0-L0,train
5i16_B0-A0,valid
5i16_H0-L0,unassigned
5i17_B0-A0,train
5i17_H0-L0,train
5i18_H0-L0,train
7trh_H0-B0,train